customer_key,customer_id,age,age_group,gender,valid_from,valid_to,is_current
1,1,49,46-60,MALE,2025-07-08 05:51:04,9999-12-31,1
2,2,43,31-45,MALE,2025-07-08 05:51:04,9999-12-31,1
3,3,51,46-60,FEMALE,2025-07-08 05:51:04,9999-12-31,1
4,4,60,46-60,FEMALE,2025-07-08 05:51:04,9999-12-31,1
5,5,42,31-45,MALE,2025-07-08 05:51:04,9999-12-31,1
6,6,42,31-45,FEMALE,2025-07-08 05:51:04,9999-12-31,1
7,7,60,46-60,MALE,2025-07-08 05:51:04,9999-12-31,1
8,8,52,46-60,FEMALE,2025-07-08 05:51:04,9999-12-31,1
9,9,40,31-45,FEMALE,2025-07-08 05:51:04,9999-12-31,1
10,10,50,46-60,FEMALE,2025-07-08 05:51:04,9999-12-31,1
11,11,40,31-45,FEMALE,2025-07-08 05:51:04,9999-12-31,1
12,12,40,31-45,FEMALE,2025-07-08 05:51:04,9999-12-31,1
13,13,47,46-60,MALE,2025-07-08 05:51:04,9999-12-31,1
14,14,25,18-30,FEMALE,2025-07-08 05:51:04,9999-12-31,1
15,15,27,18-30,MALE,2025-07-08 05:51:04,9999-12-31,1
16,16,39,31-45,FEMALE,2025-07-08 05:51:04,9999-12-31,1
17,17,34,31-45,FEMALE,2025-07-08 05:51:04,9999-12-31,1
18,18,48,46-60,FEMALE,2025-07-08 05:51:04,9999-12-31,1
19,19,35,31-45,MALE,2025-07-08 05:51:04,9999-12-31,1
20,20,30,18-30,FEMALE,2025-07-08 05:51:04,9999-12-31,1
21,21,59,46-60,FEMALE,2025-07-08 05:51:04,9999-12-31,1
22,22,42,31-45,FEMALE,2025-07-08 05:51:04,9999-12-31,1
23,23,45,31-45,MALE,2025-07-08 05:51:04,9999-12-31,1
24,24,30,18-30,MALE,2025-07-08 05:51:04,9999-12-31,1
25,25,39,31-45,MALE,2025-07-08 05:51:04,9999-12-31,1
26,26,46,46-60,MALE,2025-07-08 05:51:04,9999-12-31,1
27,27,33,31-45,FEMALE,2025-07-08 05:51:04,9999-12-31,1
28,28,48,46-60,MALE,2025-07-08 05:51:04,9999-12-31,1
29,29,38,31-45,FEMALE,2025-07-08 05:51:04,9999-12-31,1
30,30,42,31-45,MALE,2025-07-08 05:51:04,9999-12-31,1
31,31,38,31-45,MALE,2025-07-08 05:51:04,9999-12-31,1
32,32,63,60+,FEMALE,2025-07-08 05:51:04,9999-12-31,1
33,33,44,31-45,FEMALE,2025-07-08 05:51:04,9999-12-31,1
34,34,34,31-45,FEMALE,2025-07-08 05:51:04,9999-12-31,1
35,35,53,46-60,FEMALE,2025-07-08 05:51:04,9999-12-31,1
36,36,32,31-45,FEMALE,2025-07-08 05:51:04,9999-12-31,1
37,37,47,46-60,MALE,2025-07-08 05:51:04,9999-12-31,1
38,38,25,18-30,FEMALE,2025-07-08 05:51:04,9999-12-31,1
39,39,31,31-45,FEMALE,2025-07-08 05:51:04,9999-12-31,1
40,40,46,46-60,FEMALE,2025-07-08 05:51:04,9999-12-31,1
41,41,52,46-60,MALE,2025-07-08 05:51:04,9999-12-31,1
42,42,46,46-60,FEMALE,2025-07-08 05:51:04,9999-12-31,1
43,43,43,31-45,MALE,2025-07-08 05:51:04,9999-12-31,1
44,44,41,31-45,MALE,2025-07-08 05:51:04,9999-12-31,1
45,45,30,18-30,MALE,2025-07-08 05:51:04,9999-12-31,1
46,46,37,31-45,MALE,2025-07-08 05:51:04,9999-12-31,1
47,47,40,31-45,FEMALE,2025-07-08 05:51:04,9999-12-31,1
48,48,55,46-60,FEMALE,2025-07-08 05:51:04,9999-12-31,1
49,49,48,46-60,FEMALE,2025-07-08 05:51:04,9999-12-31,1
50,50,27,18-30,MALE,2025-07-08 05:51:04,9999-12-31,1
51,51,48,46-60,MALE,2025-07-08 05:51:04,9999-12-31,1
52,52,41,31-45,MALE,2025-07-08 05:51:04,9999-12-31,1
53,53,38,31-45,FEMALE,2025-07-08 05:51:04,9999-12-31,1
54,54,51,46-60,MALE,2025-07-08 05:51:04,9999-12-31,1
55,55,55,46-60,FEMALE,2025-07-08 05:51:04,9999-12-31,1
56,56,54,46-60,FEMALE,2025-07-08 05:51:04,9999-12-31,1
57,57,36,31-45,MALE,2025-07-08 05:51:04,9999-12-31,1
58,58,41,31-45,FEMALE,2025-07-08 05:51:04,9999-12-31,1
59,59,48,46-60,FEMALE,2025-07-08 05:51:04,9999-12-31,1
60,60,54,46-60,FEMALE,2025-07-08 05:51:04,9999-12-31,1
61,61,40,31-45,FEMALE,2025-07-08 05:51:04,9999-12-31,1
62,62,43,31-45,MALE,2025-07-08 05:51:04,9999-12-31,1
63,63,33,31-45,MALE,2025-07-08 05:51:04,9999-12-31,1
64,64,33,31-45,FEMALE,2025-07-08 05:51:04,9999-12-31,1
65,65,53,46-60,FEMALE,2025-07-08 05:51:04,9999-12-31,1
66,66,58,46-60,MALE,2025-07-08 05:51:04,9999-12-31,1
67,67,44,31-45,FEMALE,2025-07-08 05:51:04,9999-12-31,1
68,68,55,46-60,FEMALE,2025-07-08 05:51:04,9999-12-31,1
69,69,48,46-60,FEMALE,2025-07-08 05:51:04,9999-12-31,1
70,70,38,31-45,MALE,2025-07-08 05:51:04,9999-12-31,1
71,71,48,46-60,FEMALE,2025-07-08 05:51:04,9999-12-31,1
72,72,60,46-60,FEMALE,2025-07-08 05:51:04,9999-12-31,1
73,73,44,31-45,MALE,2025-07-08 05:51:04,9999-12-31,1
74,74,60,46-60,MALE,2025-07-08 05:51:04,9999-12-31,1
75,75,18,<18,FEMALE,2025-07-08 05:51:04,9999-12-31,1
76,76,53,46-60,MALE,2025-07-08 05:51:04,9999-12-31,1
77,77,45,31-45,FEMALE,2025-07-08 05:51:04,9999-12-31,1
78,78,42,31-45,FEMALE,2025-07-08 05:51:04,9999-12-31,1
79,79,45,31-45,MALE,2025-07-08 05:51:04,9999-12-31,1
80,80,25,18-30,FEMALE,2025-07-08 05:51:04,9999-12-31,1
81,81,42,31-45,MALE,2025-07-08 05:51:04,9999-12-31,1
82,82,48,46-60,FEMALE,2025-07-08 05:51:04,9999-12-31,1
83,83,59,46-60,MALE,2025-07-08 05:51:04,9999-12-31,1
84,84,39,31-45,FEMALE,2025-07-08 05:51:04,9999-12-31,1
85,85,36,31-45,MALE,2025-07-08 05:51:04,9999-12-31,1
86,86,39,31-45,MALE,2025-07-08 05:51:04,9999-12-31,1
87,87,54,46-60,FEMALE,2025-07-08 05:51:04,9999-12-31,1
88,88,48,46-60,MALE,2025-07-08 05:51:04,9999-12-31,1
89,89,39,31-45,FEMALE,2025-07-08 05:51:04,9999-12-31,1
90,90,50,46-60,MALE,2025-07-08 05:51:04,9999-12-31,1
91,91,45,31-45,FEMALE,2025-07-08 05:51:04,9999-12-31,1
92,92,54,46-60,MALE,2025-07-08 05:51:04,9999-12-31,1
93,93,37,31-45,FEMALE,2025-07-08 05:51:04,9999-12-31,1
94,94,41,31-45,MALE,2025-07-08 05:51:04,9999-12-31,1
95,95,41,31-45,MALE,2025-07-08 05:51:04,9999-12-31,1
96,96,30,18-30,MALE,2025-07-08 05:51:04,9999-12-31,1
97,97,47,46-60,MALE,2025-07-08 05:51:04,9999-12-31,1
98,98,47,46-60,FEMALE,2025-07-08 05:51:04,9999-12-31,1
99,99,45,31-45,MALE,2025-07-08 05:51:04,9999-12-31,1
100,100,42,31-45,FEMALE,2025-07-08 05:51:04,9999-12-31,1
101,101,30,18-30,MALE,2025-07-08 05:51:04,9999-12-31,1
102,102,40,31-45,MALE,2025-07-08 05:51:04,9999-12-31,1
103,103,41,31-45,FEMALE,2025-07-08 05:51:04,9999-12-31,1
104,104,36,31-45,FEMALE,2025-07-08 05:51:04,9999-12-31,1
105,105,43,31-45,MALE,2025-07-08 05:51:04,9999-12-31,1
106,106,49,46-60,MALE,2025-07-08 05:51:04,9999-12-31,1
107,107,63,60+,MALE,2025-07-08 05:51:04,9999-12-31,1
108,108,46,46-60,FEMALE,2025-07-08 05:51:04,9999-12-31,1
109,109,47,46-60,FEMALE,2025-07-08 05:51:04,9999-12-31,1
110,110,44,31-45,MALE,2025-07-08 05:51:04,9999-12-31,1
111,111,25,18-30,FEMALE,2025-07-08 05:51:04,9999-12-31,1
112,112,44,31-45,FEMALE,2025-07-08 05:51:04,9999-12-31,1
113,113,45,31-45,FEMALE,2025-07-08 05:51:04,9999-12-31,1
114,114,69,60+,FEMALE,2025-07-08 05:51:04,9999-12-31,1
115,115,43,31-45,MALE,2025-07-08 05:51:04,9999-12-31,1
116,116,48,46-60,MALE,2025-07-08 05:51:04,9999-12-31,1
117,117,44,31-45,MALE,2025-07-08 05:51:04,9999-12-31,1
118,118,33,31-45,MALE,2025-07-08 05:51:04,9999-12-31,1
119,119,56,46-60,FEMALE,2025-07-08 05:51:04,9999-12-31,1
120,120,52,46-60,FEMALE,2025-07-08 05:51:04,9999-12-31,1
121,121,52,46-60,MALE,2025-07-08 05:51:04,9999-12-31,1
122,122,35,31-45,MALE,2025-07-08 05:51:04,9999-12-31,1
123,123,59,46-60,MALE,2025-07-08 05:51:04,9999-12-31,1
124,124,30,18-30,FEMALE,2025-07-08 05:51:04,9999-12-31,1
125,125,50,46-60,MALE,2025-07-08 05:51:04,9999-12-31,1
126,126,66,60+,FEMALE,2025-07-08 05:51:04,9999-12-31,1
127,127,35,31-45,MALE,2025-07-08 05:51:04,9999-12-31,1
128,128,39,31-45,MALE,2025-07-08 05:51:04,9999-12-31,1
129,129,45,31-45,FEMALE,2025-07-08 05:51:04,9999-12-31,1
130,130,39,31-45,FEMALE,2025-07-08 05:51:04,9999-12-31,1
131,131,29,18-30,MALE,2025-07-08 05:51:04,9999-12-31,1
132,132,45,31-45,FEMALE,2025-07-08 05:51:04,9999-12-31,1
133,133,34,31-45,FEMALE,2025-07-08 05:51:04,9999-12-31,1
134,134,49,46-60,FEMALE,2025-07-08 05:51:04,9999-12-31,1
135,135,35,31-45,MALE,2025-07-08 05:51:04,9999-12-31,1
136,136,60,46-60,FEMALE,2025-07-08 05:51:04,9999-12-31,1
137,137,37,31-45,FEMALE,2025-07-08 05:51:04,9999-12-31,1
138,138,41,31-45,FEMALE,2025-07-08 05:51:04,9999-12-31,1
139,139,53,46-60,MALE,2025-07-08 05:51:04,9999-12-31,1
140,140,32,31-45,MALE,2025-07-08 05:51:04,9999-12-31,1
141,141,47,46-60,MALE,2025-07-08 05:51:04,9999-12-31,1
142,142,58,46-60,FEMALE,2025-07-08 05:51:04,9999-12-31,1
143,143,28,18-30,MALE,2025-07-08 05:51:04,9999-12-31,1
144,144,46,46-60,FEMALE,2025-07-08 05:51:04,9999-12-31,1
145,145,47,46-60,FEMALE,2025-07-08 05:51:04,9999-12-31,1
146,146,52,46-60,MALE,2025-07-08 05:51:04,9999-12-31,1
147,147,32,31-45,FEMALE,2025-07-08 05:51:04,9999-12-31,1
148,148,31,31-45,MALE,2025-07-08 05:51:04,9999-12-31,1
149,149,50,46-60,FEMALE,2025-07-08 05:51:04,9999-12-31,1
150,150,47,46-60,MALE,2025-07-08 05:51:04,9999-12-31,1
151,151,47,46-60,FEMALE,2025-07-08 05:51:04,9999-12-31,1
152,152,48,46-60,FEMALE,2025-07-08 05:51:04,9999-12-31,1
153,153,38,31-45,FEMALE,2025-07-08 05:51:04,9999-12-31,1
154,154,47,46-60,FEMALE,2025-07-08 05:51:04,9999-12-31,1
155,155,47,46-60,FEMALE,2025-07-08 05:51:04,9999-12-31,1
156,156,37,31-45,FEMALE,2025-07-08 05:51:04,9999-12-31,1
157,157,63,60+,FEMALE,2025-07-08 05:51:04,9999-12-31,1
158,158,49,46-60,FEMALE,2025-07-08 05:51:04,9999-12-31,1
159,159,33,31-45,MALE,2025-07-08 05:51:04,9999-12-31,1
160,160,51,46-60,FEMALE,2025-07-08 05:51:04,9999-12-31,1
161,161,35,31-45,FEMALE,2025-07-08 05:51:04,9999-12-31,1
162,162,52,46-60,FEMALE,2025-07-08 05:51:04,9999-12-31,1
163,163,56,46-60,MALE,2025-07-08 05:51:04,9999-12-31,1
164,164,36,31-45,FEMALE,2025-07-08 05:51:04,9999-12-31,1
165,165,54,46-60,MALE,2025-07-08 05:51:04,9999-12-31,1
166,166,49,46-60,FEMALE,2025-07-08 05:51:04,9999-12-31,1
167,167,53,46-60,MALE,2025-07-08 05:51:04,9999-12-31,1
168,168,63,60+,FEMALE,2025-07-08 05:51:04,9999-12-31,1
169,169,42,31-45,FEMALE,2025-07-08 05:51:04,9999-12-31,1
170,170,37,31-45,MALE,2025-07-08 05:51:04,9999-12-31,1
171,171,36,31-45,FEMALE,2025-07-08 05:51:04,9999-12-31,1
172,172,36,31-45,MALE,2025-07-08 05:51:04,9999-12-31,1
173,173,44,31-45,FEMALE,2025-07-08 05:51:04,9999-12-31,1
174,174,48,46-60,FEMALE,2025-07-08 05:51:04,9999-12-31,1
175,175,47,46-60,FEMALE,2025-07-08 05:51:04,9999-12-31,1
176,176,53,46-60,FEMALE,2025-07-08 05:51:04,9999-12-31,1
177,177,45,31-45,FEMALE,2025-07-08 05:51:04,9999-12-31,1
178,178,59,46-60,MALE,2025-07-08 05:51:04,9999-12-31,1
179,179,42,31-45,MALE,2025-07-08 05:51:04,9999-12-31,1
180,180,72,60+,FEMALE,2025-07-08 05:51:04,9999-12-31,1
181,181,51,46-60,FEMALE,2025-07-08 05:51:04,9999-12-31,1
182,182,36,31-45,FEMALE,2025-07-08 05:51:04,9999-12-31,1
183,183,34,31-45,FEMALE,2025-07-08 05:51:04,9999-12-31,1
184,184,49,46-60,MALE,2025-07-08 05:51:04,9999-12-31,1
185,185,42,31-45,FEMALE,2025-07-08 05:51:04,9999-12-31,1
186,186,52,46-60,MALE,2025-07-08 05:51:04,9999-12-31,1
187,187,49,46-60,FEMALE,2025-07-08 05:51:04,9999-12-31,1
188,188,44,31-45,MALE,2025-07-08 05:51:04,9999-12-31,1
189,189,36,31-45,MALE,2025-07-08 05:51:04,9999-12-31,1
190,190,29,18-30,MALE,2025-07-08 05:51:04,9999-12-31,1
191,191,40,31-45,MALE,2025-07-08 05:51:04,9999-12-31,1
192,192,53,46-60,FEMALE,2025-07-08 05:51:04,9999-12-31,1
193,193,47,46-60,MALE,2025-07-08 05:51:04,9999-12-31,1
194,194,32,31-45,MALE,2025-07-08 05:51:04,9999-12-31,1
195,195,46,46-60,MALE,2025-07-08 05:51:04,9999-12-31,1
196,196,48,46-60,MALE,2025-07-08 05:51:04,9999-12-31,1
197,197,36,31-45,MALE,2025-07-08 05:51:04,9999-12-31,1
198,198,46,46-60,MALE,2025-07-08 05:51:04,9999-12-31,1
199,199,45,31-45,FEMALE,2025-07-08 05:51:04,9999-12-31,1
200,200,33,31-45,FEMALE,2025-07-08 05:51:04,9999-12-31,1
201,201,48,46-60,FEMALE,2025-07-08 05:51:04,9999-12-31,1
202,202,50,46-60,MALE,2025-07-08 05:51:04,9999-12-31,1
203,203,55,46-60,MALE,2025-07-08 05:51:04,9999-12-31,1
204,204,55,46-60,FEMALE,2025-07-08 05:51:04,9999-12-31,1
205,205,31,31-45,FEMALE,2025-07-08 05:51:04,9999-12-31,1
206,206,35,31-45,MALE,2025-07-08 05:51:04,9999-12-31,1
207,207,50,46-60,MALE,2025-07-08 05:51:04,9999-12-31,1
208,208,50,46-60,MALE,2025-07-08 05:51:04,9999-12-31,1
209,209,50,46-60,MALE,2025-07-08 05:51:04,9999-12-31,1
210,210,83,60+,MALE,2025-07-08 05:51:04,9999-12-31,1
211,211,50,46-60,FEMALE,2025-07-08 05:51:04,9999-12-31,1
212,212,56,46-60,FEMALE,2025-07-08 05:51:04,9999-12-31,1
213,213,54,46-60,FEMALE,2025-07-08 05:51:04,9999-12-31,1
214,214,51,46-60,FEMALE,2025-07-08 05:51:04,9999-12-31,1
215,215,41,31-45,FEMALE,2025-07-08 05:51:04,9999-12-31,1
216,216,52,46-60,FEMALE,2025-07-08 05:51:04,9999-12-31,1
217,217,37,31-45,FEMALE,2025-07-08 05:51:04,9999-12-31,1
218,218,42,31-45,MALE,2025-07-08 05:51:04,9999-12-31,1
219,219,40,31-45,MALE,2025-07-08 05:51:04,9999-12-31,1
220,220,45,31-45,MALE,2025-07-08 05:51:04,9999-12-31,1
221,221,68,60+,FEMALE,2025-07-08 05:51:04,9999-12-31,1
222,222,26,18-30,FEMALE,2025-07-08 05:51:04,9999-12-31,1
223,223,51,46-60,MALE,2025-07-08 05:51:04,9999-12-31,1
224,224,28,18-30,FEMALE,2025-07-08 05:51:04,9999-12-31,1
225,225,40,31-45,MALE,2025-07-08 05:51:04,9999-12-31,1
226,226,55,46-60,FEMALE,2025-07-08 05:51:04,9999-12-31,1
227,227,45,31-45,MALE,2025-07-08 05:51:04,9999-12-31,1
228,228,34,31-45,MALE,2025-07-08 05:51:04,9999-12-31,1
229,229,37,31-45,FEMALE,2025-07-08 05:51:04,9999-12-31,1
230,230,51,46-60,MALE,2025-07-08 05:51:04,9999-12-31,1
231,231,37,31-45,MALE,2025-07-08 05:51:04,9999-12-31,1
232,232,47,46-60,MALE,2025-07-08 05:51:04,9999-12-31,1
233,233,45,31-45,FEMALE,2025-07-08 05:51:04,9999-12-31,1
234,234,38,31-45,FEMALE,2025-07-08 05:51:04,9999-12-31,1
235,235,66,60+,MALE,2025-07-08 05:51:04,9999-12-31,1
236,236,51,46-60,FEMALE,2025-07-08 05:51:04,9999-12-31,1
237,237,24,18-30,FEMALE,2025-07-08 05:51:04,9999-12-31,1
238,238,46,46-60,MALE,2025-07-08 05:51:04,9999-12-31,1
239,239,38,31-45,MALE,2025-07-08 05:51:04,9999-12-31,1
240,240,53,46-60,MALE,2025-07-08 05:51:04,9999-12-31,1
241,241,37,31-45,MALE,2025-07-08 05:51:04,9999-12-31,1
242,242,43,31-45,FEMALE,2025-07-08 05:51:04,9999-12-31,1
243,243,50,46-60,MALE,2025-07-08 05:51:04,9999-12-31,1
244,244,53,46-60,FEMALE,2025-07-08 05:51:04,9999-12-31,1
245,245,32,31-45,FEMALE,2025-07-08 05:51:04,9999-12-31,1
246,246,41,31-45,MALE,2025-07-08 05:51:04,9999-12-31,1
247,247,40,31-45,FEMALE,2025-07-08 05:51:04,9999-12-31,1
248,248,38,31-45,MALE,2025-07-08 05:51:04,9999-12-31,1
249,249,62,60+,FEMALE,2025-07-08 05:51:04,9999-12-31,1
250,250,49,46-60,FEMALE,2025-07-08 05:51:04,9999-12-31,1
251,251,32,31-45,FEMALE,2025-07-08 05:51:04,9999-12-31,1
252,252,54,46-60,FEMALE,2025-07-08 05:51:04,9999-12-31,1
253,253,66,60+,MALE,2025-07-08 05:51:04,9999-12-31,1
254,254,55,46-60,FEMALE,2025-07-08 05:51:04,9999-12-31,1
255,255,29,18-30,FEMALE,2025-07-08 05:51:04,9999-12-31,1
256,256,40,31-45,FEMALE,2025-07-08 05:51:04,9999-12-31,1
257,257,57,46-60,FEMALE,2025-07-08 05:51:04,9999-12-31,1
258,258,37,31-45,FEMALE,2025-07-08 05:51:04,9999-12-31,1
259,259,49,46-60,MALE,2025-07-08 05:51:04,9999-12-31,1
260,260,52,46-60,MALE,2025-07-08 05:51:04,9999-12-31,1
261,261,35,31-45,FEMALE,2025-07-08 05:51:04,9999-12-31,1
262,262,44,31-45,MALE,2025-07-08 05:51:04,9999-12-31,1
263,263,12,<18,FEMALE,2025-07-08 05:51:04,9999-12-31,1
264,264,34,31-45,FEMALE,2025-07-08 05:51:04,9999-12-31,1
265,265,42,31-45,MALE,2025-07-08 05:51:04,9999-12-31,1
266,266,32,31-45,MALE,2025-07-08 05:51:04,9999-12-31,1
267,267,61,60+,FEMALE,2025-07-08 05:51:04,9999-12-31,1
268,268,30,18-30,MALE,2025-07-08 05:51:04,9999-12-31,1
269,269,40,31-45,FEMALE,2025-07-08 05:51:04,9999-12-31,1
270,270,46,46-60,MALE,2025-07-08 05:51:04,9999-12-31,1
271,271,59,46-60,FEMALE,2025-07-08 05:51:04,9999-12-31,1
272,272,30,18-30,MALE,2025-07-08 05:51:04,9999-12-31,1
273,273,56,46-60,FEMALE,2025-07-08 05:51:04,9999-12-31,1
274,274,45,31-45,MALE,2025-07-08 05:51:04,9999-12-31,1
275,275,35,31-45,FEMALE,2025-07-08 05:51:04,9999-12-31,1
276,276,49,46-60,MALE,2025-07-08 05:51:04,9999-12-31,1
277,277,46,46-60,FEMALE,2025-07-08 05:51:04,9999-12-31,1
278,278,38,31-45,FEMALE,2025-07-08 05:51:04,9999-12-31,1
279,279,45,31-45,MALE,2025-07-08 05:51:04,9999-12-31,1
280,280,41,31-45,MALE,2025-07-08 05:51:04,9999-12-31,1
281,281,46,46-60,MALE,2025-07-08 05:51:04,9999-12-31,1
282,282,51,46-60,FEMALE,2025-07-08 05:51:04,9999-12-31,1
283,283,60,46-60,FEMALE,2025-07-08 05:51:04,9999-12-31,1
284,284,32,31-45,FEMALE,2025-07-08 05:51:04,9999-12-31,1
285,285,66,60+,MALE,2025-07-08 05:51:04,9999-12-31,1
286,286,25,18-30,MALE,2025-07-08 05:51:04,9999-12-31,1
287,287,43,31-45,FEMALE,2025-07-08 05:51:04,9999-12-31,1
288,288,50,46-60,FEMALE,2025-07-08 05:51:04,9999-12-31,1
289,289,47,46-60,FEMALE,2025-07-08 05:51:04,9999-12-31,1
290,290,38,31-45,MALE,2025-07-08 05:51:04,9999-12-31,1
291,291,42,31-45,FEMALE,2025-07-08 05:51:04,9999-12-31,1
292,292,40,31-45,MALE,2025-07-08 05:51:04,9999-12-31,1
293,293,39,31-45,MALE,2025-07-08 05:51:04,9999-12-31,1
294,294,53,46-60,FEMALE,2025-07-08 05:51:04,9999-12-31,1
295,295,48,46-60,FEMALE,2025-07-08 05:51:04,9999-12-31,1
296,296,38,31-45,FEMALE,2025-07-08 05:51:04,9999-12-31,1
297,297,53,46-60,MALE,2025-07-08 05:51:04,9999-12-31,1
298,298,48,46-60,MALE,2025-07-08 05:51:04,9999-12-31,1
299,299,53,46-60,FEMALE,2025-07-08 05:51:04,9999-12-31,1
300,300,51,46-60,FEMALE,2025-07-08 05:51:04,9999-12-31,1
301,301,36,31-45,MALE,2025-07-08 05:51:04,9999-12-31,1
302,302,39,31-45,MALE,2025-07-08 05:51:04,9999-12-31,1
303,303,52,46-60,MALE,2025-07-08 05:51:04,9999-12-31,1
304,304,51,46-60,FEMALE,2025-07-08 05:51:04,9999-12-31,1
305,305,44,31-45,MALE,2025-07-08 05:51:04,9999-12-31,1
306,306,46,46-60,MALE,2025-07-08 05:51:04,9999-12-31,1
307,307,57,46-60,MALE,2025-07-08 05:51:04,9999-12-31,1
308,308,39,31-45,MALE,2025-07-08 05:51:04,9999-12-31,1
309,309,50,46-60,MALE,2025-07-08 05:51:04,9999-12-31,1
310,310,42,31-45,FEMALE,2025-07-08 05:51:04,9999-12-31,1
311,311,42,31-45,MALE,2025-07-08 05:51:04,9999-12-31,1
312,312,55,46-60,FEMALE,2025-07-08 05:51:04,9999-12-31,1
313,313,53,46-60,MALE,2025-07-08 05:51:04,9999-12-31,1
314,314,53,46-60,FEMALE,2025-07-08 05:51:04,9999-12-31,1
315,315,58,46-60,FEMALE,2025-07-08 05:51:04,9999-12-31,1
316,316,45,31-45,FEMALE,2025-07-08 05:51:04,9999-12-31,1
317,317,51,46-60,FEMALE,2025-07-08 05:51:04,9999-12-31,1
318,318,41,31-45,MALE,2025-07-08 05:51:04,9999-12-31,1
319,319,48,46-60,MALE,2025-07-08 05:51:04,9999-12-31,1
320,320,43,31-45,FEMALE,2025-07-08 05:51:04,9999-12-31,1
321,321,45,31-45,FEMALE,2025-07-08 05:51:04,9999-12-31,1
322,322,50,46-60,FEMALE,2025-07-08 05:51:04,9999-12-31,1
323,323,36,31-45,FEMALE,2025-07-08 05:51:04,9999-12-31,1
324,324,65,60+,FEMALE,2025-07-08 05:51:04,9999-12-31,1
325,325,34,31-45,MALE,2025-07-08 05:51:04,9999-12-31,1
326,326,32,31-45,MALE,2025-07-08 05:51:04,9999-12-31,1
327,327,56,46-60,FEMALE,2025-07-08 05:51:04,9999-12-31,1
328,328,52,46-60,FEMALE,2025-07-08 05:51:04,9999-12-31,1
329,329,51,46-60,MALE,2025-07-08 05:51:04,9999-12-31,1
330,330,51,46-60,FEMALE,2025-07-08 05:51:04,9999-12-31,1
331,331,44,31-45,MALE,2025-07-08 05:51:04,9999-12-31,1
332,332,36,31-45,FEMALE,2025-07-08 05:51:04,9999-12-31,1
333,333,45,31-45,MALE,2025-07-08 05:51:04,9999-12-31,1
334,334,38,31-45,MALE,2025-07-08 05:51:04,9999-12-31,1
335,335,54,46-60,FEMALE,2025-07-08 05:51:04,9999-12-31,1
336,336,43,31-45,MALE,2025-07-08 05:51:04,9999-12-31,1
337,337,36,31-45,FEMALE,2025-07-08 05:51:04,9999-12-31,1
338,338,41,31-45,FEMALE,2025-07-08 05:51:04,9999-12-31,1
339,339,49,46-60,FEMALE,2025-07-08 05:51:04,9999-12-31,1
340,340,39,31-45,MALE,2025-07-08 05:51:04,9999-12-31,1
341,341,36,31-45,MALE,2025-07-08 05:51:04,9999-12-31,1
342,342,47,46-60,MALE,2025-07-08 05:51:04,9999-12-31,1
343,343,47,46-60,FEMALE,2025-07-08 05:51:04,9999-12-31,1
344,344,39,31-45,FEMALE,2025-07-08 05:51:04,9999-12-31,1
345,345,40,31-45,FEMALE,2025-07-08 05:51:04,9999-12-31,1
346,346,47,46-60,FEMALE,2025-07-08 05:51:04,9999-12-31,1
347,347,30,18-30,FEMALE,2025-07-08 05:51:04,9999-12-31,1
348,348,30,18-30,FEMALE,2025-07-08 05:51:04,9999-12-31,1
349,349,37,31-45,MALE,2025-07-08 05:51:04,9999-12-31,1
350,350,42,31-45,FEMALE,2025-07-08 05:51:04,9999-12-31,1
351,351,48,46-60,MALE,2025-07-08 05:51:04,9999-12-31,1
352,352,59,46-60,FEMALE,2025-07-08 05:51:04,9999-12-31,1
353,353,53,46-60,FEMALE,2025-07-08 05:51:04,9999-12-31,1
354,354,43,31-45,FEMALE,2025-07-08 05:51:04,9999-12-31,1
355,355,44,31-45,MALE,2025-07-08 05:51:04,9999-12-31,1
356,356,34,31-45,MALE,2025-07-08 05:51:04,9999-12-31,1
357,357,44,31-45,MALE,2025-07-08 05:51:04,9999-12-31,1
358,358,42,31-45,MALE,2025-07-08 05:51:04,9999-12-31,1
359,359,48,46-60,MALE,2025-07-08 05:51:04,9999-12-31,1
360,360,36,31-45,FEMALE,2025-07-08 05:51:04,9999-12-31,1
361,361,50,46-60,FEMALE,2025-07-08 05:51:04,9999-12-31,1
362,362,60,46-60,MALE,2025-07-08 05:51:04,9999-12-31,1
363,363,43,31-45,MALE,2025-07-08 05:51:04,9999-12-31,1
364,364,49,46-60,MALE,2025-07-08 05:51:04,9999-12-31,1
365,365,51,46-60,FEMALE,2025-07-08 05:51:04,9999-12-31,1
366,366,40,31-45,FEMALE,2025-07-08 05:51:04,9999-12-31,1
367,367,47,46-60,FEMALE,2025-07-08 05:51:04,9999-12-31,1
368,368,45,31-45,FEMALE,2025-07-08 05:51:04,9999-12-31,1
369,369,45,31-45,FEMALE,2025-07-08 05:51:04,9999-12-31,1
370,370,37,31-45,FEMALE,2025-07-08 05:51:04,9999-12-31,1
371,371,45,31-45,MALE,2025-07-08 05:51:04,9999-12-31,1
372,372,49,46-60,FEMALE,2025-07-08 05:51:04,9999-12-31,1
373,373,59,46-60,MALE,2025-07-08 05:51:04,9999-12-31,1
374,374,54,46-60,FEMALE,2025-07-08 05:51:04,9999-12-31,1
375,375,66,60+,MALE,2025-07-08 05:51:04,9999-12-31,1
376,376,37,31-45,FEMALE,2025-07-08 05:51:04,9999-12-31,1
377,377,53,46-60,FEMALE,2025-07-08 05:51:04,9999-12-31,1
378,378,46,46-60,FEMALE,2025-07-08 05:51:04,9999-12-31,1
379,379,66,60+,FEMALE,2025-07-08 05:51:04,9999-12-31,1
380,380,36,31-45,MALE,2025-07-08 05:51:04,9999-12-31,1
381,381,36,31-45,MALE,2025-07-08 05:51:04,9999-12-31,1
382,382,39,31-45,MALE,2025-07-08 05:51:04,9999-12-31,1
383,383,23,18-30,MALE,2025-07-08 05:51:04,9999-12-31,1
384,384,39,31-45,FEMALE,2025-07-08 05:51:04,9999-12-31,1
385,385,37,31-45,MALE,2025-07-08 05:51:04,9999-12-31,1
386,386,46,46-60,FEMALE,2025-07-08 05:51:04,9999-12-31,1
387,387,48,46-60,FEMALE,2025-07-08 05:51:04,9999-12-31,1
388,388,63,60+,FEMALE,2025-07-08 05:51:04,9999-12-31,1
389,389,54,46-60,MALE,2025-07-08 05:51:04,9999-12-31,1
390,390,39,31-45,FEMALE,2025-07-08 05:51:04,9999-12-31,1
391,391,36,31-45,FEMALE,2025-07-08 05:51:04,9999-12-31,1
392,392,49,46-60,FEMALE,2025-07-08 05:51:04,9999-12-31,1
393,393,31,31-45,FEMALE,2025-07-08 05:51:04,9999-12-31,1
394,394,63,60+,FEMALE,2025-07-08 05:51:04,9999-12-31,1
395,395,56,46-60,MALE,2025-07-08 05:51:04,9999-12-31,1
396,396,40,31-45,FEMALE,2025-07-08 05:51:04,9999-12-31,1
397,397,27,18-30,MALE,2025-07-08 05:51:04,9999-12-31,1
398,398,58,46-60,MALE,2025-07-08 05:51:04,9999-12-31,1
399,399,43,31-45,MALE,2025-07-08 05:51:04,9999-12-31,1
400,400,57,46-60,MALE,2025-07-08 05:51:04,9999-12-31,1
401,401,29,18-30,MALE,2025-07-08 05:51:04,9999-12-31,1
402,402,39,31-45,MALE,2025-07-08 05:51:04,9999-12-31,1
403,403,45,31-45,FEMALE,2025-07-08 05:51:04,9999-12-31,1
404,404,45,31-45,FEMALE,2025-07-08 05:51:04,9999-12-31,1
405,405,40,31-45,FEMALE,2025-07-08 05:51:04,9999-12-31,1
406,406,51,46-60,MALE,2025-07-08 05:51:04,9999-12-31,1
407,407,34,31-45,MALE,2025-07-08 05:51:04,9999-12-31,1
408,408,43,31-45,FEMALE,2025-07-08 05:51:04,9999-12-31,1
409,409,46,46-60,MALE,2025-07-08 05:51:04,9999-12-31,1
410,410,50,46-60,MALE,2025-07-08 05:51:04,9999-12-31,1
411,411,52,46-60,FEMALE,2025-07-08 05:51:04,9999-12-31,1
412,412,33,31-45,MALE,2025-07-08 05:51:04,9999-12-31,1
413,413,29,18-30,FEMALE,2025-07-08 05:51:04,9999-12-31,1
414,414,57,46-60,FEMALE,2025-07-08 05:51:04,9999-12-31,1
415,415,48,46-60,MALE,2025-07-08 05:51:04,9999-12-31,1
416,416,37,31-45,MALE,2025-07-08 05:51:04,9999-12-31,1
417,417,60,46-60,FEMALE,2025-07-08 05:51:04,9999-12-31,1
418,418,46,46-60,MALE,2025-07-08 05:51:04,9999-12-31,1
419,419,56,46-60,MALE,2025-07-08 05:51:04,9999-12-31,1
420,420,45,31-45,FEMALE,2025-07-08 05:51:04,9999-12-31,1
421,421,65,60+,MALE,2025-07-08 05:51:04,9999-12-31,1
422,422,62,60+,FEMALE,2025-07-08 05:51:04,9999-12-31,1
423,423,42,31-45,FEMALE,2025-07-08 05:51:04,9999-12-31,1
424,424,54,46-60,MALE,2025-07-08 05:51:04,9999-12-31,1
425,425,51,46-60,MALE,2025-07-08 05:51:04,9999-12-31,1
426,426,58,46-60,MALE,2025-07-08 05:51:04,9999-12-31,1
427,427,35,31-45,MALE,2025-07-08 05:51:04,9999-12-31,1
428,428,51,46-60,MALE,2025-07-08 05:51:04,9999-12-31,1
429,429,55,46-60,FEMALE,2025-07-08 05:51:04,9999-12-31,1
430,430,27,18-30,MALE,2025-07-08 05:51:04,9999-12-31,1
431,431,33,31-45,FEMALE,2025-07-08 05:51:04,9999-12-31,1
432,432,24,18-30,FEMALE,2025-07-08 05:51:04,9999-12-31,1
433,433,42,31-45,FEMALE,2025-07-08 05:51:04,9999-12-31,1
434,434,52,46-60,FEMALE,2025-07-08 05:51:04,9999-12-31,1
435,435,60,46-60,MALE,2025-07-08 05:51:04,9999-12-31,1
436,436,45,31-45,FEMALE,2025-07-08 05:51:04,9999-12-31,1
437,437,61,60+,FEMALE,2025-07-08 05:51:04,9999-12-31,1
438,438,31,31-45,MALE,2025-07-08 05:51:04,9999-12-31,1
439,439,27,18-30,MALE,2025-07-08 05:51:04,9999-12-31,1
440,440,44,31-45,FEMALE,2025-07-08 05:51:04,9999-12-31,1
441,441,48,46-60,MALE,2025-07-08 05:51:04,9999-12-31,1
442,442,44,31-45,MALE,2025-07-08 05:51:04,9999-12-31,1
443,443,24,18-30,MALE,2025-07-08 05:51:04,9999-12-31,1
444,444,44,31-45,MALE,2025-07-08 05:51:04,9999-12-31,1
445,445,31,31-45,FEMALE,2025-07-08 05:51:04,9999-12-31,1
446,446,51,46-60,FEMALE,2025-07-08 05:51:04,9999-12-31,1
447,447,48,46-60,FEMALE,2025-07-08 05:51:04,9999-12-31,1
448,448,35,31-45,MALE,2025-07-08 05:51:04,9999-12-31,1
449,449,39,31-45,MALE,2025-07-08 05:51:04,9999-12-31,1
450,450,34,31-45,FEMALE,2025-07-08 05:51:04,9999-12-31,1
451,451,44,31-45,MALE,2025-07-08 05:51:04,9999-12-31,1
452,452,54,46-60,MALE,2025-07-08 05:51:04,9999-12-31,1
453,453,35,31-45,FEMALE,2025-07-08 05:51:04,9999-12-31,1
454,454,50,46-60,MALE,2025-07-08 05:51:04,9999-12-31,1
455,455,39,31-45,FEMALE,2025-07-08 05:51:04,9999-12-31,1
456,456,37,31-45,MALE,2025-07-08 05:51:04,9999-12-31,1
457,457,43,31-45,MALE,2025-07-08 05:51:04,9999-12-31,1
458,458,34,31-45,MALE,2025-07-08 05:51:04,9999-12-31,1
459,459,39,31-45,FEMALE,2025-07-08 05:51:04,9999-12-31,1
460,460,33,31-45,FEMALE,2025-07-08 05:51:04,9999-12-31,1
461,461,64,60+,FEMALE,2025-07-08 05:51:04,9999-12-31,1
462,462,45,31-45,FEMALE,2025-07-08 05:51:04,9999-12-31,1
463,463,38,31-45,MALE,2025-07-08 05:51:04,9999-12-31,1
464,464,47,46-60,FEMALE,2025-07-08 05:51:04,9999-12-31,1
465,465,43,31-45,MALE,2025-07-08 05:51:04,9999-12-31,1
466,466,42,31-45,FEMALE,2025-07-08 05:51:04,9999-12-31,1
467,467,51,46-60,MALE,2025-07-08 05:51:04,9999-12-31,1
468,468,52,46-60,FEMALE,2025-07-08 05:51:04,9999-12-31,1
469,469,39,31-45,MALE,2025-07-08 05:51:04,9999-12-31,1
470,470,39,31-45,MALE,2025-07-08 05:51:04,9999-12-31,1
471,471,42,31-45,FEMALE,2025-07-08 05:51:04,9999-12-31,1
472,472,21,18-30,MALE,2025-07-08 05:51:04,9999-12-31,1
473,473,29,18-30,MALE,2025-07-08 05:51:04,9999-12-31,1
474,474,58,46-60,MALE,2025-07-08 05:51:04,9999-12-31,1
475,475,61,60+,MALE,2025-07-08 05:51:04,9999-12-31,1
476,476,42,31-45,FEMALE,2025-07-08 05:51:04,9999-12-31,1
477,477,50,46-60,FEMALE,2025-07-08 05:51:04,9999-12-31,1
478,478,48,46-60,FEMALE,2025-07-08 05:51:04,9999-12-31,1
479,479,75,60+,FEMALE,2025-07-08 05:51:04,9999-12-31,1
480,480,56,46-60,MALE,2025-07-08 05:51:04,9999-12-31,1
481,481,43,31-45,FEMALE,2025-07-08 05:51:04,9999-12-31,1
482,482,35,31-45,MALE,2025-07-08 05:51:04,9999-12-31,1
483,483,28,18-30,MALE,2025-07-08 05:51:04,9999-12-31,1
484,484,47,46-60,FEMALE,2025-07-08 05:51:04,9999-12-31,1
485,485,37,31-45,MALE,2025-07-08 05:51:04,9999-12-31,1
486,486,30,18-30,FEMALE,2025-07-08 05:51:04,9999-12-31,1
487,487,38,31-45,MALE,2025-07-08 05:51:04,9999-12-31,1
488,488,34,31-45,FEMALE,2025-07-08 05:51:04,9999-12-31,1
489,489,61,60+,FEMALE,2025-07-08 05:51:04,9999-12-31,1
490,490,53,46-60,FEMALE,2025-07-08 05:51:04,9999-12-31,1
491,491,44,31-45,FEMALE,2025-07-08 05:51:04,9999-12-31,1
492,492,59,46-60,FEMALE,2025-07-08 05:51:04,9999-12-31,1
493,493,45,31-45,MALE,2025-07-08 05:51:04,9999-12-31,1
494,494,36,31-45,FEMALE,2025-07-08 05:51:04,9999-12-31,1
495,495,60,46-60,MALE,2025-07-08 05:51:04,9999-12-31,1
496,496,50,46-60,FEMALE,2025-07-08 05:51:04,9999-12-31,1
497,497,34,31-45,FEMALE,2025-07-08 05:51:04,9999-12-31,1
498,498,43,31-45,FEMALE,2025-07-08 05:51:04,9999-12-31,1
499,499,36,31-45,MALE,2025-07-08 05:51:04,9999-12-31,1
500,500,31,31-45,MALE,2025-07-08 05:51:04,9999-12-31,1
501,501,54,46-60,FEMALE,2025-07-08 05:51:04,9999-12-31,1
502,502,64,60+,MALE,2025-07-08 05:51:04,9999-12-31,1
503,503,31,31-45,MALE,2025-07-08 05:51:04,9999-12-31,1
504,504,50,46-60,MALE,2025-07-08 05:51:04,9999-12-31,1
505,505,38,31-45,FEMALE,2025-07-08 05:51:04,9999-12-31,1
506,506,40,31-45,FEMALE,2025-07-08 05:51:04,9999-12-31,1
507,507,39,31-45,MALE,2025-07-08 05:51:04,9999-12-31,1
508,508,36,31-45,MALE,2025-07-08 05:51:04,9999-12-31,1
509,509,45,31-45,MALE,2025-07-08 05:51:04,9999-12-31,1
510,510,36,31-45,FEMALE,2025-07-08 05:51:04,9999-12-31,1
511,511,47,46-60,FEMALE,2025-07-08 05:51:04,9999-12-31,1
512,512,44,31-45,MALE,2025-07-08 05:51:04,9999-12-31,1
513,513,42,31-45,MALE,2025-07-08 05:51:04,9999-12-31,1
514,514,35,31-45,MALE,2025-07-08 05:51:04,9999-12-31,1
515,515,39,31-45,FEMALE,2025-07-08 05:51:04,9999-12-31,1
516,516,52,46-60,FEMALE,2025-07-08 05:51:04,9999-12-31,1
517,517,50,46-60,MALE,2025-07-08 05:51:04,9999-12-31,1
518,518,35,31-45,MALE,2025-07-08 05:51:04,9999-12-31,1
519,519,45,31-45,MALE,2025-07-08 05:51:04,9999-12-31,1
520,520,52,46-60,FEMALE,2025-07-08 05:51:04,9999-12-31,1
521,521,28,18-30,MALE,2025-07-08 05:51:04,9999-12-31,1
522,522,50,46-60,FEMALE,2025-07-08 05:51:04,9999-12-31,1
523,523,38,31-45,FEMALE,2025-07-08 05:51:04,9999-12-31,1
524,524,50,46-60,MALE,2025-07-08 05:51:04,9999-12-31,1
525,525,37,31-45,MALE,2025-07-08 05:51:04,9999-12-31,1
526,526,26,18-30,MALE,2025-07-08 05:51:04,9999-12-31,1
527,527,28,18-30,FEMALE,2025-07-08 05:51:04,9999-12-31,1
528,528,45,31-45,FEMALE,2025-07-08 05:51:04,9999-12-31,1
529,529,47,46-60,FEMALE,2025-07-08 05:51:04,9999-12-31,1
530,530,35,31-45,FEMALE,2025-07-08 05:51:04,9999-12-31,1
531,531,51,46-60,MALE,2025-07-08 05:51:04,9999-12-31,1
532,532,28,18-30,FEMALE,2025-07-08 05:51:04,9999-12-31,1
533,533,44,31-45,FEMALE,2025-07-08 05:51:04,9999-12-31,1
534,534,32,31-45,MALE,2025-07-08 05:51:04,9999-12-31,1
535,535,38,31-45,FEMALE,2025-07-08 05:51:04,9999-12-31,1
536,536,45,31-45,FEMALE,2025-07-08 05:51:04,9999-12-31,1
537,537,36,31-45,FEMALE,2025-07-08 05:51:04,9999-12-31,1
538,538,41,31-45,FEMALE,2025-07-08 05:51:04,9999-12-31,1
539,539,55,46-60,FEMALE,2025-07-08 05:51:04,9999-12-31,1
540,540,39,31-45,FEMALE,2025-07-08 05:51:04,9999-12-31,1
541,541,53,46-60,MALE,2025-07-08 05:51:04,9999-12-31,1
542,542,33,31-45,MALE,2025-07-08 05:51:04,9999-12-31,1
543,543,50,46-60,FEMALE,2025-07-08 05:51:04,9999-12-31,1
544,544,59,46-60,MALE,2025-07-08 05:51:04,9999-12-31,1
545,545,20,18-30,MALE,2025-07-08 05:51:04,9999-12-31,1
546,546,37,31-45,MALE,2025-07-08 05:51:04,9999-12-31,1
547,547,50,46-60,MALE,2025-07-08 05:51:04,9999-12-31,1
548,548,42,31-45,FEMALE,2025-07-08 05:51:04,9999-12-31,1
549,549,48,46-60,FEMALE,2025-07-08 05:51:04,9999-12-31,1
550,550,38,31-45,MALE,2025-07-08 05:51:04,9999-12-31,1
551,551,45,31-45,MALE,2025-07-08 05:51:04,9999-12-31,1
552,552,43,31-45,MALE,2025-07-08 05:51:04,9999-12-31,1
553,553,56,46-60,FEMALE,2025-07-08 05:51:04,9999-12-31,1
554,554,47,46-60,FEMALE,2025-07-08 05:51:04,9999-12-31,1
555,555,48,46-60,MALE,2025-07-08 05:51:04,9999-12-31,1
556,556,40,31-45,FEMALE,2025-07-08 05:51:04,9999-12-31,1
557,557,40,31-45,FEMALE,2025-07-08 05:51:04,9999-12-31,1
558,558,40,31-45,FEMALE,2025-07-08 05:51:04,9999-12-31,1
559,559,48,46-60,FEMALE,2025-07-08 05:51:04,9999-12-31,1
560,560,40,31-45,MALE,2025-07-08 05:51:04,9999-12-31,1
561,561,47,46-60,FEMALE,2025-07-08 05:51:04,9999-12-31,1
562,562,65,60+,MALE,2025-07-08 05:51:04,9999-12-31,1
563,563,53,46-60,FEMALE,2025-07-08 05:51:04,9999-12-31,1
564,564,41,31-45,FEMALE,2025-07-08 05:51:04,9999-12-31,1
565,565,57,46-60,FEMALE,2025-07-08 05:51:04,9999-12-31,1
566,566,40,31-45,FEMALE,2025-07-08 05:51:04,9999-12-31,1
567,567,24,18-30,MALE,2025-07-08 05:51:04,9999-12-31,1
568,568,34,31-45,FEMALE,2025-07-08 05:51:04,9999-12-31,1
569,569,26,18-30,FEMALE,2025-07-08 05:51:04,9999-12-31,1
570,570,41,31-45,FEMALE,2025-07-08 05:51:04,9999-12-31,1
571,571,45,31-45,MALE,2025-07-08 05:51:04,9999-12-31,1
572,572,61,60+,MALE,2025-07-08 05:51:04,9999-12-31,1
573,573,48,46-60,MALE,2025-07-08 05:51:04,9999-12-31,1
574,574,42,31-45,FEMALE,2025-07-08 05:51:04,9999-12-31,1
575,575,53,46-60,FEMALE,2025-07-08 05:51:04,9999-12-31,1
576,576,22,18-30,MALE,2025-07-08 05:51:04,9999-12-31,1
577,577,47,46-60,FEMALE,2025-07-08 05:51:04,9999-12-31,1
578,578,52,46-60,FEMALE,2025-07-08 05:51:04,9999-12-31,1
579,579,30,18-30,FEMALE,2025-07-08 05:51:04,9999-12-31,1
580,580,56,46-60,FEMALE,2025-07-08 05:51:04,9999-12-31,1
581,581,48,46-60,FEMALE,2025-07-08 05:51:04,9999-12-31,1
582,582,40,31-45,FEMALE,2025-07-08 05:51:04,9999-12-31,1
583,583,51,46-60,MALE,2025-07-08 05:51:04,9999-12-31,1
584,584,67,60+,FEMALE,2025-07-08 05:51:04,9999-12-31,1
585,585,46,46-60,FEMALE,2025-07-08 05:51:04,9999-12-31,1
586,586,47,46-60,FEMALE,2025-07-08 05:51:04,9999-12-31,1
587,587,40,31-45,FEMALE,2025-07-08 05:51:04,9999-12-31,1
588,588,36,31-45,FEMALE,2025-07-08 05:51:04,9999-12-31,1
589,589,53,46-60,MALE,2025-07-08 05:51:04,9999-12-31,1
590,590,36,31-45,MALE,2025-07-08 05:51:04,9999-12-31,1
591,591,45,31-45,MALE,2025-07-08 05:51:04,9999-12-31,1
592,592,40,31-45,MALE,2025-07-08 05:51:04,9999-12-31,1
593,593,49,46-60,FEMALE,2025-07-08 05:51:04,9999-12-31,1
594,594,48,46-60,FEMALE,2025-07-08 05:51:04,9999-12-31,1
595,595,55,46-60,MALE,2025-07-08 05:51:04,9999-12-31,1
596,596,39,31-45,MALE,2025-07-08 05:51:04,9999-12-31,1
597,597,42,31-45,FEMALE,2025-07-08 05:51:04,9999-12-31,1
598,598,35,31-45,MALE,2025-07-08 05:51:04,9999-12-31,1
599,599,40,31-45,FEMALE,2025-07-08 05:51:04,9999-12-31,1
600,600,48,46-60,FEMALE,2025-07-08 05:51:04,9999-12-31,1
601,601,52,46-60,FEMALE,2025-07-08 05:51:04,9999-12-31,1
602,602,35,31-45,MALE,2025-07-08 05:51:04,9999-12-31,1
603,603,53,46-60,MALE,2025-07-08 05:51:04,9999-12-31,1
604,604,58,46-60,FEMALE,2025-07-08 05:51:04,9999-12-31,1
605,605,49,46-60,FEMALE,2025-07-08 05:51:04,9999-12-31,1
606,606,63,60+,MALE,2025-07-08 05:51:04,9999-12-31,1
607,607,37,31-45,FEMALE,2025-07-08 05:51:04,9999-12-31,1
608,608,32,31-45,MALE,2025-07-08 05:51:04,9999-12-31,1
609,609,27,18-30,FEMALE,2025-07-08 05:51:04,9999-12-31,1
610,610,59,46-60,MALE,2025-07-08 05:51:04,9999-12-31,1
611,611,51,46-60,FEMALE,2025-07-08 05:51:04,9999-12-31,1
612,612,44,31-45,MALE,2025-07-08 05:51:04,9999-12-31,1
613,613,47,46-60,MALE,2025-07-08 05:51:04,9999-12-31,1
614,614,33,31-45,MALE,2025-07-08 05:51:04,9999-12-31,1
615,615,69,60+,MALE,2025-07-08 05:51:04,9999-12-31,1
616,616,46,46-60,FEMALE,2025-07-08 05:51:04,9999-12-31,1
617,617,46,46-60,FEMALE,2025-07-08 05:51:04,9999-12-31,1
618,618,52,46-60,MALE,2025-07-08 05:51:04,9999-12-31,1
619,619,49,46-60,MALE,2025-07-08 05:51:04,9999-12-31,1
620,620,47,46-60,FEMALE,2025-07-08 05:51:04,9999-12-31,1
621,621,37,31-45,FEMALE,2025-07-08 05:51:04,9999-12-31,1
622,622,49,46-60,FEMALE,2025-07-08 05:51:04,9999-12-31,1
623,623,63,60+,MALE,2025-07-08 05:51:04,9999-12-31,1
624,624,58,46-60,MALE,2025-07-08 05:51:04,9999-12-31,1
625,625,60,46-60,FEMALE,2025-07-08 05:51:04,9999-12-31,1
626,626,39,31-45,MALE,2025-07-08 05:51:04,9999-12-31,1
627,627,35,31-45,FEMALE,2025-07-08 05:51:04,9999-12-31,1
628,628,43,31-45,MALE,2025-07-08 05:51:04,9999-12-31,1
629,629,45,31-45,FEMALE,2025-07-08 05:51:04,9999-12-31,1
630,630,55,46-60,MALE,2025-07-08 05:51:04,9999-12-31,1
631,631,28,18-30,FEMALE,2025-07-08 05:51:04,9999-12-31,1
632,632,60,46-60,FEMALE,2025-07-08 05:51:04,9999-12-31,1
633,633,43,31-45,FEMALE,2025-07-08 05:51:04,9999-12-31,1
634,634,40,31-45,MALE,2025-07-08 05:51:04,9999-12-31,1
635,635,34,31-45,FEMALE,2025-07-08 05:51:04,9999-12-31,1
636,636,28,18-30,FEMALE,2025-07-08 05:51:04,9999-12-31,1
637,637,53,46-60,FEMALE,2025-07-08 05:51:04,9999-12-31,1
638,638,45,31-45,FEMALE,2025-07-08 05:51:04,9999-12-31,1
639,639,32,31-45,FEMALE,2025-07-08 05:51:04,9999-12-31,1
640,640,32,31-45,FEMALE,2025-07-08 05:51:04,9999-12-31,1
641,641,41,31-45,MALE,2025-07-08 05:51:04,9999-12-31,1
642,642,61,60+,FEMALE,2025-07-08 05:51:04,9999-12-31,1
643,643,42,31-45,FEMALE,2025-07-08 05:51:04,9999-12-31,1
644,644,29,18-30,MALE,2025-07-08 05:51:04,9999-12-31,1
645,645,42,31-45,MALE,2025-07-08 05:51:04,9999-12-31,1
646,646,42,31-45,MALE,2025-07-08 05:51:04,9999-12-31,1
647,647,18,<18,FEMALE,2025-07-08 05:51:04,9999-12-31,1
648,648,44,31-45,FEMALE,2025-07-08 05:51:04,9999-12-31,1
649,649,42,31-45,FEMALE,2025-07-08 05:51:04,9999-12-31,1
650,650,51,46-60,FEMALE,2025-07-08 05:51:04,9999-12-31,1
651,651,63,60+,MALE,2025-07-08 05:51:04,9999-12-31,1
652,652,56,46-60,MALE,2025-07-08 05:51:04,9999-12-31,1
653,653,42,31-45,MALE,2025-07-08 05:51:04,9999-12-31,1
654,654,33,31-45,MALE,2025-07-08 05:51:04,9999-12-31,1
655,655,70,60+,MALE,2025-07-08 05:51:04,9999-12-31,1
656,656,45,31-45,MALE,2025-07-08 05:51:04,9999-12-31,1
657,657,45,31-45,FEMALE,2025-07-08 05:51:04,9999-12-31,1
658,658,44,31-45,FEMALE,2025-07-08 05:51:04,9999-12-31,1
659,659,46,46-60,FEMALE,2025-07-08 05:51:04,9999-12-31,1
660,660,43,31-45,FEMALE,2025-07-08 05:51:04,9999-12-31,1
661,661,39,31-45,FEMALE,2025-07-08 05:51:04,9999-12-31,1
662,662,39,31-45,MALE,2025-07-08 05:51:04,9999-12-31,1
663,663,44,31-45,FEMALE,2025-07-08 05:51:04,9999-12-31,1
664,664,39,31-45,FEMALE,2025-07-08 05:51:04,9999-12-31,1
665,665,37,31-45,MALE,2025-07-08 05:51:04,9999-12-31,1
666,666,46,46-60,MALE,2025-07-08 05:51:04,9999-12-31,1
667,667,42,31-45,FEMALE,2025-07-08 05:51:04,9999-12-31,1
668,668,60,46-60,MALE,2025-07-08 05:51:04,9999-12-31,1
669,669,18,<18,FEMALE,2025-07-08 05:51:04,9999-12-31,1
670,670,55,46-60,FEMALE,2025-07-08 05:51:04,9999-12-31,1
671,671,57,46-60,MALE,2025-07-08 05:51:04,9999-12-31,1
672,672,24,18-30,MALE,2025-07-08 05:51:04,9999-12-31,1
673,673,41,31-45,MALE,2025-07-08 05:51:04,9999-12-31,1
674,674,41,31-45,MALE,2025-07-08 05:51:04,9999-12-31,1
675,675,30,18-30,MALE,2025-07-08 05:51:04,9999-12-31,1
676,676,37,31-45,FEMALE,2025-07-08 05:51:04,9999-12-31,1
677,677,33,31-45,MALE,2025-07-08 05:51:04,9999-12-31,1
678,678,62,60+,FEMALE,2025-07-08 05:51:04,9999-12-31,1
679,679,54,46-60,MALE,2025-07-08 05:51:04,9999-12-31,1
680,680,57,46-60,FEMALE,2025-07-08 05:51:04,9999-12-31,1
681,681,52,46-60,MALE,2025-07-08 05:51:04,9999-12-31,1
682,682,33,31-45,MALE,2025-07-08 05:51:04,9999-12-31,1
683,683,39,31-45,FEMALE,2025-07-08 05:51:04,9999-12-31,1
684,684,49,46-60,FEMALE,2025-07-08 05:51:04,9999-12-31,1
685,685,32,31-45,MALE,2025-07-08 05:51:04,9999-12-31,1
686,686,52,46-60,FEMALE,2025-07-08 05:51:04,9999-12-31,1
687,687,42,31-45,MALE,2025-07-08 05:51:04,9999-12-31,1
688,688,41,31-45,FEMALE,2025-07-08 05:51:04,9999-12-31,1
689,689,52,46-60,MALE,2025-07-08 05:51:04,9999-12-31,1
690,690,49,46-60,MALE,2025-07-08 05:51:04,9999-12-31,1
691,691,41,31-45,FEMALE,2025-07-08 05:51:04,9999-12-31,1
692,692,56,46-60,FEMALE,2025-07-08 05:51:04,9999-12-31,1
693,693,34,31-45,MALE,2025-07-08 05:51:04,9999-12-31,1
694,694,51,46-60,FEMALE,2025-07-08 05:51:04,9999-12-31,1
695,695,50,46-60,FEMALE,2025-07-08 05:51:04,9999-12-31,1
696,696,41,31-45,MALE,2025-07-08 05:51:04,9999-12-31,1
697,697,48,46-60,FEMALE,2025-07-08 05:51:04,9999-12-31,1
698,698,32,31-45,MALE,2025-07-08 05:51:04,9999-12-31,1
699,699,54,46-60,FEMALE,2025-07-08 05:51:04,9999-12-31,1
700,700,43,31-45,FEMALE,2025-07-08 05:51:04,9999-12-31,1
701,701,39,31-45,FEMALE,2025-07-08 05:51:04,9999-12-31,1
702,702,55,46-60,MALE,2025-07-08 05:51:04,9999-12-31,1
703,703,37,31-45,MALE,2025-07-08 05:51:04,9999-12-31,1
704,704,30,18-30,MALE,2025-07-08 05:51:04,9999-12-31,1
705,705,29,18-30,MALE,2025-07-08 05:51:04,9999-12-31,1
706,706,51,46-60,MALE,2025-07-08 05:51:04,9999-12-31,1
707,707,32,31-45,FEMALE,2025-07-08 05:51:04,9999-12-31,1
708,708,62,60+,MALE,2025-07-08 05:51:04,9999-12-31,1
709,709,24,18-30,MALE,2025-07-08 05:51:04,9999-12-31,1
710,710,61,60+,FEMALE,2025-07-08 05:51:04,9999-12-31,1
711,711,47,46-60,MALE,2025-07-08 05:51:04,9999-12-31,1
712,712,44,31-45,FEMALE,2025-07-08 05:51:04,9999-12-31,1
713,713,39,31-45,MALE,2025-07-08 05:51:04,9999-12-31,1
714,714,48,46-60,FEMALE,2025-07-08 05:51:04,9999-12-31,1
715,715,44,31-45,MALE,2025-07-08 05:51:04,9999-12-31,1
716,716,56,46-60,MALE,2025-07-08 05:51:04,9999-12-31,1
717,717,46,46-60,FEMALE,2025-07-08 05:51:04,9999-12-31,1
718,718,46,46-60,MALE,2025-07-08 05:51:04,9999-12-31,1
719,719,41,31-45,FEMALE,2025-07-08 05:51:04,9999-12-31,1
720,720,44,31-45,MALE,2025-07-08 05:51:04,9999-12-31,1
721,721,48,46-60,MALE,2025-07-08 05:51:04,9999-12-31,1
722,722,27,18-30,FEMALE,2025-07-08 05:51:04,9999-12-31,1
723,723,31,31-45,MALE,2025-07-08 05:51:04,9999-12-31,1
724,724,52,46-60,FEMALE,2025-07-08 05:51:04,9999-12-31,1
725,725,46,46-60,FEMALE,2025-07-08 05:51:04,9999-12-31,1
726,726,43,31-45,FEMALE,2025-07-08 05:51:04,9999-12-31,1
727,727,45,31-45,FEMALE,2025-07-08 05:51:04,9999-12-31,1
728,728,48,46-60,MALE,2025-07-08 05:51:04,9999-12-31,1
729,729,39,31-45,MALE,2025-07-08 05:51:04,9999-12-31,1
730,730,37,31-45,MALE,2025-07-08 05:51:04,9999-12-31,1
731,731,46,46-60,FEMALE,2025-07-08 05:51:04,9999-12-31,1
732,732,35,31-45,FEMALE,2025-07-08 05:51:04,9999-12-31,1
733,733,49,46-60,MALE,2025-07-08 05:51:04,9999-12-31,1
734,734,27,18-30,FEMALE,2025-07-08 05:51:04,9999-12-31,1
735,735,55,46-60,MALE,2025-07-08 05:51:04,9999-12-31,1
736,736,49,46-60,FEMALE,2025-07-08 05:51:04,9999-12-31,1
737,737,47,46-60,MALE,2025-07-08 05:51:04,9999-12-31,1
738,738,54,46-60,FEMALE,2025-07-08 05:51:04,9999-12-31,1
739,739,61,60+,FEMALE,2025-07-08 05:51:04,9999-12-31,1
740,740,55,46-60,MALE,2025-07-08 05:51:04,9999-12-31,1
741,741,26,18-30,MALE,2025-07-08 05:51:04,9999-12-31,1
742,742,32,31-45,MALE,2025-07-08 05:51:04,9999-12-31,1
743,743,38,31-45,MALE,2025-07-08 05:51:04,9999-12-31,1
744,744,45,31-45,MALE,2025-07-08 05:51:04,9999-12-31,1
745,745,50,46-60,FEMALE,2025-07-08 05:51:04,9999-12-31,1
746,746,37,31-45,FEMALE,2025-07-08 05:51:04,9999-12-31,1
747,747,46,46-60,FEMALE,2025-07-08 05:51:04,9999-12-31,1
748,748,37,31-45,MALE,2025-07-08 05:51:04,9999-12-31,1
749,749,38,31-45,FEMALE,2025-07-08 05:51:04,9999-12-31,1
750,750,30,18-30,FEMALE,2025-07-08 05:51:04,9999-12-31,1
751,751,35,31-45,MALE,2025-07-08 05:51:04,9999-12-31,1
752,752,31,31-45,FEMALE,2025-07-08 05:51:04,9999-12-31,1
753,753,35,31-45,FEMALE,2025-07-08 05:51:04,9999-12-31,1
754,754,55,46-60,MALE,2025-07-08 05:51:04,9999-12-31,1
755,755,35,31-45,MALE,2025-07-08 05:51:04,9999-12-31,1
756,756,71,60+,FEMALE,2025-07-08 05:51:04,9999-12-31,1
757,757,49,46-60,MALE,2025-07-08 05:51:04,9999-12-31,1
758,758,46,46-60,FEMALE,2025-07-08 05:51:04,9999-12-31,1
759,759,36,31-45,FEMALE,2025-07-08 05:51:04,9999-12-31,1
760,760,52,46-60,FEMALE,2025-07-08 05:51:04,9999-12-31,1
761,761,39,31-45,MALE,2025-07-08 05:51:04,9999-12-31,1
762,762,46,46-60,MALE,2025-07-08 05:51:04,9999-12-31,1
763,763,70,60+,FEMALE,2025-07-08 05:51:04,9999-12-31,1
764,764,44,31-45,FEMALE,2025-07-08 05:51:04,9999-12-31,1
765,765,56,46-60,MALE,2025-07-08 05:51:04,9999-12-31,1
766,766,37,31-45,FEMALE,2025-07-08 05:51:04,9999-12-31,1
767,767,44,31-45,FEMALE,2025-07-08 05:51:04,9999-12-31,1
768,768,62,60+,MALE,2025-07-08 05:51:04,9999-12-31,1
769,769,38,31-45,MALE,2025-07-08 05:51:04,9999-12-31,1
770,770,63,60+,FEMALE,2025-07-08 05:51:04,9999-12-31,1
771,771,52,46-60,MALE,2025-07-08 05:51:04,9999-12-31,1
772,772,39,31-45,MALE,2025-07-08 05:51:04,9999-12-31,1
773,773,51,46-60,MALE,2025-07-08 05:51:04,9999-12-31,1
774,774,54,46-60,MALE,2025-07-08 05:51:04,9999-12-31,1
775,775,51,46-60,FEMALE,2025-07-08 05:51:04,9999-12-31,1
776,776,29,18-30,FEMALE,2025-07-08 05:51:04,9999-12-31,1
777,777,37,31-45,MALE,2025-07-08 05:51:04,9999-12-31,1
778,778,42,31-45,FEMALE,2025-07-08 05:51:04,9999-12-31,1
779,779,44,31-45,FEMALE,2025-07-08 05:51:04,9999-12-31,1
780,780,51,46-60,FEMALE,2025-07-08 05:51:04,9999-12-31,1
781,781,46,46-60,MALE,2025-07-08 05:51:04,9999-12-31,1
782,782,31,31-45,MALE,2025-07-08 05:51:04,9999-12-31,1
783,783,48,46-60,FEMALE,2025-07-08 05:51:04,9999-12-31,1
784,784,51,46-60,FEMALE,2025-07-08 05:51:04,9999-12-31,1
785,785,50,46-60,MALE,2025-07-08 05:51:04,9999-12-31,1
786,786,55,46-60,MALE,2025-07-08 05:51:04,9999-12-31,1
787,787,53,46-60,MALE,2025-07-08 05:51:04,9999-12-31,1
788,788,49,46-60,FEMALE,2025-07-08 05:51:04,9999-12-31,1
789,789,44,31-45,FEMALE,2025-07-08 05:51:04,9999-12-31,1
790,790,28,18-30,FEMALE,2025-07-08 05:51:04,9999-12-31,1
791,791,49,46-60,MALE,2025-07-08 05:51:04,9999-12-31,1
792,792,47,46-60,FEMALE,2025-07-08 05:51:04,9999-12-31,1
793,793,47,46-60,FEMALE,2025-07-08 05:51:04,9999-12-31,1
794,794,32,31-45,MALE,2025-07-08 05:51:04,9999-12-31,1
795,795,34,31-45,FEMALE,2025-07-08 05:51:04,9999-12-31,1
796,796,55,46-60,FEMALE,2025-07-08 05:51:04,9999-12-31,1
797,797,44,31-45,MALE,2025-07-08 05:51:04,9999-12-31,1
798,798,51,46-60,FEMALE,2025-07-08 05:51:04,9999-12-31,1
799,799,45,31-45,MALE,2025-07-08 05:51:04,9999-12-31,1
800,800,45,31-45,FEMALE,2025-07-08 05:51:04,9999-12-31,1
801,801,54,46-60,FEMALE,2025-07-08 05:51:04,9999-12-31,1
802,802,39,31-45,FEMALE,2025-07-08 05:51:04,9999-12-31,1
803,803,45,31-45,FEMALE,2025-07-08 05:51:04,9999-12-31,1
804,804,40,31-45,MALE,2025-07-08 05:51:04,9999-12-31,1
805,805,40,31-45,FEMALE,2025-07-08 05:51:04,9999-12-31,1
806,806,41,31-45,FEMALE,2025-07-08 05:51:04,9999-12-31,1
807,807,47,46-60,MALE,2025-07-08 05:51:04,9999-12-31,1
808,808,40,31-45,FEMALE,2025-07-08 05:51:04,9999-12-31,1
809,809,57,46-60,FEMALE,2025-07-08 05:51:04,9999-12-31,1
810,810,36,31-45,MALE,2025-07-08 05:51:04,9999-12-31,1
811,811,43,31-45,FEMALE,2025-07-08 05:51:04,9999-12-31,1
812,812,40,31-45,FEMALE,2025-07-08 05:51:04,9999-12-31,1
813,813,59,46-60,MALE,2025-07-08 05:51:04,9999-12-31,1
814,814,46,46-60,FEMALE,2025-07-08 05:51:04,9999-12-31,1
815,815,55,46-60,MALE,2025-07-08 05:51:04,9999-12-31,1
816,816,30,18-30,MALE,2025-07-08 05:51:04,9999-12-31,1
817,817,47,46-60,MALE,2025-07-08 05:51:04,9999-12-31,1
818,818,53,46-60,FEMALE,2025-07-08 05:51:04,9999-12-31,1
819,819,45,31-45,FEMALE,2025-07-08 05:51:04,9999-12-31,1
820,820,55,46-60,MALE,2025-07-08 05:51:04,9999-12-31,1
821,821,39,31-45,MALE,2025-07-08 05:51:04,9999-12-31,1
822,822,59,46-60,FEMALE,2025-07-08 05:51:04,9999-12-31,1
823,823,67,60+,MALE,2025-07-08 05:51:04,9999-12-31,1
824,824,41,31-45,FEMALE,2025-07-08 05:51:04,9999-12-31,1
825,825,40,31-45,FEMALE,2025-07-08 05:51:04,9999-12-31,1
826,826,59,46-60,FEMALE,2025-07-08 05:51:04,9999-12-31,1
827,827,60,46-60,FEMALE,2025-07-08 05:51:04,9999-12-31,1
828,828,39,31-45,MALE,2025-07-08 05:51:04,9999-12-31,1
829,829,40,31-45,FEMALE,2025-07-08 05:51:04,9999-12-31,1
830,830,42,31-45,FEMALE,2025-07-08 05:51:04,9999-12-31,1
831,831,31,31-45,FEMALE,2025-07-08 05:51:04,9999-12-31,1
832,832,35,31-45,MALE,2025-07-08 05:51:04,9999-12-31,1
833,833,34,31-45,FEMALE,2025-07-08 05:51:04,9999-12-31,1
834,834,37,31-45,MALE,2025-07-08 05:51:04,9999-12-31,1
835,835,44,31-45,MALE,2025-07-08 05:51:04,9999-12-31,1
836,836,47,46-60,MALE,2025-07-08 05:51:04,9999-12-31,1
837,837,60,46-60,FEMALE,2025-07-08 05:51:04,9999-12-31,1
838,838,35,31-45,FEMALE,2025-07-08 05:51:04,9999-12-31,1
839,839,54,46-60,FEMALE,2025-07-08 05:51:04,9999-12-31,1
840,840,42,31-45,FEMALE,2025-07-08 05:51:04,9999-12-31,1
841,841,44,31-45,MALE,2025-07-08 05:51:04,9999-12-31,1
842,842,51,46-60,FEMALE,2025-07-08 05:51:04,9999-12-31,1
843,843,33,31-45,MALE,2025-07-08 05:51:04,9999-12-31,1
844,844,48,46-60,FEMALE,2025-07-08 05:51:04,9999-12-31,1
845,845,46,46-60,FEMALE,2025-07-08 05:51:04,9999-12-31,1
846,846,49,46-60,FEMALE,2025-07-08 05:51:04,9999-12-31,1
847,847,47,46-60,FEMALE,2025-07-08 05:51:04,9999-12-31,1
848,848,69,60+,MALE,2025-07-08 05:51:04,9999-12-31,1
849,849,38,31-45,MALE,2025-07-08 05:51:04,9999-12-31,1
850,850,39,31-45,FEMALE,2025-07-08 05:51:04,9999-12-31,1
851,851,38,31-45,MALE,2025-07-08 05:51:04,9999-12-31,1
852,852,39,31-45,MALE,2025-07-08 05:51:04,9999-12-31,1
853,853,38,31-45,FEMALE,2025-07-08 05:51:04,9999-12-31,1
854,854,56,46-60,FEMALE,2025-07-08 05:51:04,9999-12-31,1
855,855,59,46-60,MALE,2025-07-08 05:51:04,9999-12-31,1
856,856,39,31-45,MALE,2025-07-08 05:51:04,9999-12-31,1
857,857,36,31-45,FEMALE,2025-07-08 05:51:04,9999-12-31,1
858,858,49,46-60,FEMALE,2025-07-08 05:51:04,9999-12-31,1
859,859,39,31-45,MALE,2025-07-08 05:51:04,9999-12-31,1
860,860,51,46-60,MALE,2025-07-08 05:51:04,9999-12-31,1
861,861,47,46-60,MALE,2025-07-08 05:51:04,9999-12-31,1
862,862,29,18-30,MALE,2025-07-08 05:51:04,9999-12-31,1
863,863,60,46-60,MALE,2025-07-08 05:51:04,9999-12-31,1
864,864,62,60+,FEMALE,2025-07-08 05:51:04,9999-12-31,1
865,865,38,31-45,FEMALE,2025-07-08 05:51:04,9999-12-31,1
866,866,41,31-45,FEMALE,2025-07-08 05:51:04,9999-12-31,1
867,867,47,46-60,MALE,2025-07-08 05:51:04,9999-12-31,1
868,868,48,46-60,FEMALE,2025-07-08 05:51:04,9999-12-31,1
869,869,51,46-60,MALE,2025-07-08 05:51:04,9999-12-31,1
870,870,65,60+,FEMALE,2025-07-08 05:51:04,9999-12-31,1
871,871,43,31-45,FEMALE,2025-07-08 05:51:04,9999-12-31,1
872,872,37,31-45,MALE,2025-07-08 05:51:04,9999-12-31,1
873,873,31,31-45,FEMALE,2025-07-08 05:51:04,9999-12-31,1
874,874,37,31-45,MALE,2025-07-08 05:51:04,9999-12-31,1
875,875,44,31-45,FEMALE,2025-07-08 05:51:04,9999-12-31,1
876,876,62,60+,MALE,2025-07-08 05:51:04,9999-12-31,1
877,877,39,31-45,MALE,2025-07-08 05:51:04,9999-12-31,1
878,878,47,46-60,FEMALE,2025-07-08 05:51:04,9999-12-31,1
879,879,44,31-45,MALE,2025-07-08 05:51:04,9999-12-31,1
880,880,56,46-60,FEMALE,2025-07-08 05:51:04,9999-12-31,1
881,881,70,60+,MALE,2025-07-08 05:51:04,9999-12-31,1
882,882,39,31-45,FEMALE,2025-07-08 05:51:04,9999-12-31,1
883,883,40,31-45,FEMALE,2025-07-08 05:51:04,9999-12-31,1
884,884,55,46-60,FEMALE,2025-07-08 05:51:04,9999-12-31,1
885,885,51,46-60,MALE,2025-07-08 05:51:04,9999-12-31,1
886,886,63,60+,MALE,2025-07-08 05:51:04,9999-12-31,1
887,887,50,46-60,MALE,2025-07-08 05:51:04,9999-12-31,1
888,888,41,31-45,MALE,2025-07-08 05:51:04,9999-12-31,1
889,889,50,46-60,FEMALE,2025-07-08 05:51:04,9999-12-31,1
890,890,56,46-60,FEMALE,2025-07-08 05:51:04,9999-12-31,1
891,891,53,46-60,FEMALE,2025-07-08 05:51:04,9999-12-31,1
892,892,50,46-60,FEMALE,2025-07-08 05:51:04,9999-12-31,1
893,893,55,46-60,FEMALE,2025-07-08 05:51:04,9999-12-31,1
894,894,56,46-60,FEMALE,2025-07-08 05:51:04,9999-12-31,1
895,895,58,46-60,MALE,2025-07-08 05:51:04,9999-12-31,1
896,896,51,46-60,FEMALE,2025-07-08 05:51:04,9999-12-31,1
897,897,43,31-45,FEMALE,2025-07-08 05:51:04,9999-12-31,1
898,898,46,46-60,FEMALE,2025-07-08 05:51:04,9999-12-31,1
899,899,57,46-60,MALE,2025-07-08 05:51:04,9999-12-31,1
900,900,36,31-45,MALE,2025-07-08 05:51:04,9999-12-31,1
901,901,48,46-60,MALE,2025-07-08 05:51:04,9999-12-31,1
902,902,41,31-45,FEMALE,2025-07-08 05:51:04,9999-12-31,1
903,903,45,31-45,FEMALE,2025-07-08 05:51:04,9999-12-31,1
904,904,57,46-60,MALE,2025-07-08 05:51:04,9999-12-31,1
905,905,46,46-60,FEMALE,2025-07-08 05:51:04,9999-12-31,1
906,906,45,31-45,MALE,2025-07-08 05:51:04,9999-12-31,1
907,907,31,31-45,MALE,2025-07-08 05:51:04,9999-12-31,1
908,908,52,46-60,MALE,2025-07-08 05:51:04,9999-12-31,1
909,909,51,46-60,FEMALE,2025-07-08 05:51:04,9999-12-31,1
910,910,66,60+,FEMALE,2025-07-08 05:51:04,9999-12-31,1
911,911,41,31-45,MALE,2025-07-08 05:51:04,9999-12-31,1
912,912,47,46-60,FEMALE,2025-07-08 05:51:04,9999-12-31,1
913,913,47,46-60,MALE,2025-07-08 05:51:04,9999-12-31,1
914,914,60,46-60,FEMALE,2025-07-08 05:51:04,9999-12-31,1
915,915,44,31-45,FEMALE,2025-07-08 05:51:04,9999-12-31,1
916,916,47,46-60,FEMALE,2025-07-08 05:51:04,9999-12-31,1
917,917,51,46-60,MALE,2025-07-08 05:51:04,9999-12-31,1
918,918,46,46-60,FEMALE,2025-07-08 05:51:04,9999-12-31,1
919,919,40,31-45,FEMALE,2025-07-08 05:51:04,9999-12-31,1
920,920,46,46-60,MALE,2025-07-08 05:51:04,9999-12-31,1
921,921,55,46-60,FEMALE,2025-07-08 05:51:04,9999-12-31,1
922,922,34,31-45,MALE,2025-07-08 05:51:04,9999-12-31,1
923,923,46,46-60,FEMALE,2025-07-08 05:51:04,9999-12-31,1
924,924,37,31-45,MALE,2025-07-08 05:51:04,9999-12-31,1
925,925,56,46-60,FEMALE,2025-07-08 05:51:04,9999-12-31,1
926,926,29,18-30,FEMALE,2025-07-08 05:51:04,9999-12-31,1
927,927,39,31-45,MALE,2025-07-08 05:51:04,9999-12-31,1
928,928,48,46-60,MALE,2025-07-08 05:51:04,9999-12-31,1
929,929,60,46-60,MALE,2025-07-08 05:51:04,9999-12-31,1
930,930,44,31-45,MALE,2025-07-08 05:51:04,9999-12-31,1
931,931,39,31-45,MALE,2025-07-08 05:51:04,9999-12-31,1
932,932,63,60+,FEMALE,2025-07-08 05:51:04,9999-12-31,1
933,933,30,18-30,MALE,2025-07-08 05:51:04,9999-12-31,1
934,934,23,18-30,MALE,2025-07-08 05:51:04,9999-12-31,1
935,935,49,46-60,FEMALE,2025-07-08 05:51:04,9999-12-31,1
936,936,39,31-45,MALE,2025-07-08 05:51:04,9999-12-31,1
937,937,34,31-45,FEMALE,2025-07-08 05:51:04,9999-12-31,1
938,938,52,46-60,FEMALE,2025-07-08 05:51:04,9999-12-31,1
939,939,47,46-60,FEMALE,2025-07-08 05:51:04,9999-12-31,1
940,940,39,31-45,FEMALE,2025-07-08 05:51:04,9999-12-31,1
941,941,32,31-45,FEMALE,2025-07-08 05:51:04,9999-12-31,1
942,942,53,46-60,MALE,2025-07-08 05:51:04,9999-12-31,1
943,943,51,46-60,MALE,2025-07-08 05:51:04,9999-12-31,1
944,944,44,31-45,MALE,2025-07-08 05:51:04,9999-12-31,1
945,945,63,60+,FEMALE,2025-07-08 05:51:04,9999-12-31,1
946,946,34,31-45,MALE,2025-07-08 05:51:04,9999-12-31,1
947,947,29,18-30,FEMALE,2025-07-08 05:51:04,9999-12-31,1
948,948,38,31-45,FEMALE,2025-07-08 05:51:04,9999-12-31,1
949,949,44,31-45,FEMALE,2025-07-08 05:51:04,9999-12-31,1
950,950,47,46-60,FEMALE,2025-07-08 05:51:04,9999-12-31,1
951,951,42,31-45,MALE,2025-07-08 05:51:04,9999-12-31,1
952,952,48,46-60,FEMALE,2025-07-08 05:51:04,9999-12-31,1
953,953,32,31-45,FEMALE,2025-07-08 05:51:04,9999-12-31,1
954,954,59,46-60,MALE,2025-07-08 05:51:04,9999-12-31,1
955,955,44,31-45,MALE,2025-07-08 05:51:04,9999-12-31,1
956,956,56,46-60,FEMALE,2025-07-08 05:51:04,9999-12-31,1
957,957,48,46-60,FEMALE,2025-07-08 05:51:04,9999-12-31,1
958,958,49,46-60,FEMALE,2025-07-08 05:51:04,9999-12-31,1
959,959,50,46-60,FEMALE,2025-07-08 05:51:04,9999-12-31,1
960,960,49,46-60,FEMALE,2025-07-08 05:51:04,9999-12-31,1
961,961,51,46-60,FEMALE,2025-07-08 05:51:04,9999-12-31,1
962,962,58,46-60,MALE,2025-07-08 05:51:04,9999-12-31,1
963,963,46,46-60,MALE,2025-07-08 05:51:04,9999-12-31,1
964,964,52,46-60,MALE,2025-07-08 05:51:04,9999-12-31,1
965,965,44,31-45,FEMALE,2025-07-08 05:51:04,9999-12-31,1
966,966,59,46-60,FEMALE,2025-07-08 05:51:04,9999-12-31,1
967,967,38,31-45,FEMALE,2025-07-08 05:51:04,9999-12-31,1
968,968,63,60+,MALE,2025-07-08 05:51:04,9999-12-31,1
969,969,44,31-45,FEMALE,2025-07-08 05:51:04,9999-12-31,1
970,970,30,18-30,FEMALE,2025-07-08 05:51:04,9999-12-31,1
971,971,46,46-60,FEMALE,2025-07-08 05:51:04,9999-12-31,1
972,972,38,31-45,FEMALE,2025-07-08 05:51:04,9999-12-31,1
973,973,53,46-60,MALE,2025-07-08 05:51:04,9999-12-31,1
974,974,38,31-45,FEMALE,2025-07-08 05:51:04,9999-12-31,1
975,975,40,31-45,MALE,2025-07-08 05:51:04,9999-12-31,1
976,976,26,18-30,MALE,2025-07-08 05:51:04,9999-12-31,1
977,977,40,31-45,FEMALE,2025-07-08 05:51:04,9999-12-31,1
978,978,20,18-30,FEMALE,2025-07-08 05:51:04,9999-12-31,1
979,979,29,18-30,FEMALE,2025-07-08 05:51:04,9999-12-31,1
980,980,52,46-60,FEMALE,2025-07-08 05:51:04,9999-12-31,1
981,981,52,46-60,FEMALE,2025-07-08 05:51:04,9999-12-31,1
982,982,49,46-60,FEMALE,2025-07-08 05:51:04,9999-12-31,1
983,983,35,31-45,FEMALE,2025-07-08 05:51:04,9999-12-31,1
984,984,44,31-45,MALE,2025-07-08 05:51:04,9999-12-31,1
985,985,44,31-45,MALE,2025-07-08 05:51:04,9999-12-31,1
986,986,33,31-45,MALE,2025-07-08 05:51:04,9999-12-31,1
987,987,60,46-60,MALE,2025-07-08 05:51:04,9999-12-31,1
988,988,53,46-60,MALE,2025-07-08 05:51:04,9999-12-31,1
989,989,42,31-45,MALE,2025-07-08 05:51:04,9999-12-31,1
990,990,45,31-45,MALE,2025-07-08 05:51:04,9999-12-31,1
991,991,47,46-60,FEMALE,2025-07-08 05:51:04,9999-12-31,1
992,992,24,18-30,MALE,2025-07-08 05:51:04,9999-12-31,1
993,993,42,31-45,FEMALE,2025-07-08 05:51:04,9999-12-31,1
994,994,38,31-45,MALE,2025-07-08 05:51:04,9999-12-31,1
995,995,34,31-45,FEMALE,2025-07-08 05:51:04,9999-12-31,1
996,996,42,31-45,MALE,2025-07-08 05:51:04,9999-12-31,1
997,997,62,60+,MALE,2025-07-08 05:51:04,9999-12-31,1
998,998,51,46-60,FEMALE,2025-07-08 05:51:04,9999-12-31,1
999,999,39,31-45,MALE,2025-07-08 05:51:04,9999-12-31,1
1000,1000,50,46-60,MALE,2025-07-08 05:51:04,9999-12-31,1
