fact_key,customer_key,contract_key,service_key,support_key,tenure_key,monthly_charges,total_charges,lifetime_value,churn_status,load_timestamp
1,1,1,1,1,5,88.35,353.4,353.4,1,2025-07-08 11:21:49
2,2,1,1,1,1,36.67,0.0,0.0,1,2025-07-08 11:21:49
3,3,1,1,2,3,63.79,127.58,127.58,1,2025-07-08 11:21:49
4,4,2,2,1,9,102.34,818.72,818.72,1,2025-07-08 11:21:49
5,5,1,3,2,33,69.01,2208.32,2208.32,1,2025-07-08 11:21:49
6,6,3,2,1,17,119.75,1916.0,1916.0,1,2025-07-08 11:21:49
7,7,2,3,2,15,80.32,1124.48,1124.48,1,2025-07-08 11:21:49
8,8,2,3,2,7,58.9,353.4,353.4,1,2025-07-08 11:21:49
9,9,3,1,1,54,49.81,2639.9300000000003,2639.9300000000003,0,2025-07-08 11:21:49
10,10,1,1,1,11,61.55,615.5,615.5,1,2025-07-08 11:21:49
11,11,1,1,1,2,63.53,63.53,63.53,1,2025-07-08 11:21:49
12,12,2,1,1,20,36.18,687.42,687.42,0,2025-07-08 11:21:49
13,13,3,3,2,3,63.26,126.52,126.52,1,2025-07-08 11:21:49
14,14,2,3,2,9,71.78,574.24,574.24,1,2025-07-08 11:21:49
15,15,1,1,1,15,95.05,1330.7,1330.7,1,2025-07-08 11:21:49
16,16,3,1,1,42,89.11,3653.51,3653.5099999999998,0,2025-07-08 11:21:49
17,17,1,3,2,14,93.79,1219.27,1219.27,1,2025-07-08 11:21:49
18,18,3,3,2,25,30.75,738.0,738.0,1,2025-07-08 11:21:49
19,19,3,1,1,99,49.59,4859.820000000001,4859.820000000001,0,2025-07-08 11:21:49
20,20,1,1,2,3,89.55,179.1,179.1,1,2025-07-08 11:21:49
21,21,2,2,2,7,73.56,441.36,441.36,1,2025-07-08 11:21:49
22,22,1,3,2,11,30.48,304.8,304.8,1,2025-07-08 11:21:49
23,23,1,2,1,11,102.4,1024.0,1024.0,1,2025-07-08 11:21:49
24,24,2,1,1,11,99.55,995.5,995.5,1,2025-07-08 11:21:49
25,25,2,2,1,48,79.36,3729.92,3729.92,0,2025-07-08 11:21:49
26,26,3,2,1,26,35.98,899.4999999999999,899.4999999999999,0,2025-07-08 11:21:49
27,27,2,1,1,19,98.99,1781.82,1781.82,0,2025-07-08 11:21:49
28,28,1,3,2,8,82.53,577.71,577.71,1,2025-07-08 11:21:49
29,29,3,2,1,35,100.38,3412.92,3412.92,1,2025-07-08 11:21:49
30,30,3,1,1,63,97.66,6054.92,6054.92,0,2025-07-08 11:21:49
31,31,1,2,2,35,102.27,3477.18,3477.18,1,2025-07-08 11:21:49
32,32,3,2,1,1,76.62,0.0,0.0,1,2025-07-08 11:21:49
33,33,1,1,1,21,42.63,852.6,852.6,1,2025-07-08 11:21:49
34,34,3,1,1,2,90.4,90.4,90.4,1,2025-07-08 11:21:49
35,35,1,2,1,6,85.84,429.2000000000001,429.20000000000005,1,2025-07-08 11:21:49
36,36,1,1,2,2,96.8,96.8,96.8,1,2025-07-08 11:21:49
37,37,1,2,1,19,45.29,815.22,815.22,1,2025-07-08 11:21:49
38,38,2,1,1,24,47.55,1093.65,1093.6499999999999,0,2025-07-08 11:21:49
39,39,1,3,2,3,110.14,220.28,220.28,1,2025-07-08 11:21:49
40,40,1,3,2,10,97.5,877.5,877.5,1,2025-07-08 11:21:49
41,41,2,1,1,13,111.74,1340.88,1340.8799999999999,1,2025-07-08 11:21:49
42,42,3,1,1,10,98.28,884.52,884.52,1,2025-07-08 11:21:49
43,43,1,3,2,3,83.74,167.48,167.48,1,2025-07-08 11:21:49
44,44,1,2,1,11,88.87,888.7,888.7,1,2025-07-08 11:21:49
45,45,1,3,2,28,110.02,2970.54,2970.54,1,2025-07-08 11:21:49
46,46,1,3,2,2,82.09,82.09,82.09,1,2025-07-08 11:21:49
47,47,3,2,1,2,86.92,86.92,86.92,1,2025-07-08 11:21:49
48,48,3,2,2,9,44.08,352.64,352.64,1,2025-07-08 11:21:49
49,49,2,3,2,57,72.65,4068.400000000001,4068.4000000000005,1,2025-07-08 11:21:49
50,50,1,1,1,23,94.48,2078.56,2078.56,1,2025-07-08 11:21:49
51,51,2,2,1,23,54.38,1196.36,1196.3600000000001,0,2025-07-08 11:21:49
52,52,2,2,2,9,48.2,385.6,385.6,1,2025-07-08 11:21:49
53,53,3,1,1,19,58.24,1048.32,1048.32,0,2025-07-08 11:21:49
54,54,2,1,2,1,51.74,0.0,0.0,1,2025-07-08 11:21:49
55,55,2,3,2,21,49.34,986.8,986.8000000000001,1,2025-07-08 11:21:49
56,56,2,3,2,49,68.24,3275.5199999999995,3275.5199999999995,1,2025-07-08 11:21:49
57,57,1,2,1,19,111.71,2010.78,2010.78,1,2025-07-08 11:21:49
58,58,3,1,1,42,75.64,3101.24,3101.2400000000002,0,2025-07-08 11:21:49
59,59,2,1,2,26,46.91,1172.75,1172.75,1,2025-07-08 11:21:49
60,60,2,1,2,3,36.93,73.86,73.86,1,2025-07-08 11:21:49
61,61,1,2,1,47,92.65,4261.900000000001,4261.900000000001,1,2025-07-08 11:21:49
62,62,2,3,2,2,64.45,64.45,64.45,1,2025-07-08 11:21:49
63,63,2,3,2,16,103.96,1559.4,1559.3999999999999,1,2025-07-08 11:21:49
64,64,1,1,1,4,89.36,268.08,268.08,1,2025-07-08 11:21:49
65,65,1,1,1,1,101.66,0.0,0.0,1,2025-07-08 11:21:49
66,66,2,2,1,11,54.48,544.8,544.8,1,2025-07-08 11:21:49
67,67,2,1,1,7,92.31,553.86,553.86,1,2025-07-08 11:21:49
68,68,2,1,1,14,53.77,699.01,699.01,0,2025-07-08 11:21:49
69,69,1,1,1,18,114.52,1946.84,1946.84,1,2025-07-08 11:21:49
70,70,2,3,2,1,87.27,0.0,0.0,1,2025-07-08 11:21:49
71,71,1,1,1,3,59.21,118.42,118.42,1,2025-07-08 11:21:49
72,72,1,1,1,17,54.26,868.16,868.16,1,2025-07-08 11:21:49
73,73,1,3,2,9,47.18,377.44,377.44,1,2025-07-08 11:21:49
74,74,1,2,2,27,92.52,2405.52,2405.52,1,2025-07-08 11:21:49
75,75,1,1,1,22,49.68,1043.28,1043.28,1,2025-07-08 11:21:49
76,76,1,1,1,38,83.58,3092.46,3092.46,1,2025-07-08 11:21:49
77,77,1,1,2,24,53.82,1237.86,1237.86,1,2025-07-08 11:21:49
78,78,1,3,2,12,89.58,985.38,985.38,1,2025-07-08 11:21:49
79,79,2,1,1,23,103.34,2273.48,2273.48,1,2025-07-08 11:21:49
80,80,1,3,2,7,100.02,600.12,600.12,1,2025-07-08 11:21:49
81,81,1,1,2,8,98.48,689.36,689.36,1,2025-07-08 11:21:49
82,82,3,1,2,32,46.9,1453.9,1453.8999999999999,1,2025-07-08 11:21:49
83,83,1,3,2,12,37.95,417.4500000000001,417.45000000000005,1,2025-07-08 11:21:49
84,84,2,2,2,33,92.91,2973.12,2973.12,1,2025-07-08 11:21:49
85,85,1,2,1,35,63.15,2147.1,2147.1,1,2025-07-08 11:21:49
86,86,1,1,1,39,68.91,2618.58,2618.58,1,2025-07-08 11:21:49
87,87,2,2,1,50,32.8,1607.1999999999998,1607.1999999999998,0,2025-07-08 11:21:49
88,88,2,2,1,12,53.36,586.96,586.96,1,2025-07-08 11:21:49
89,89,3,1,1,8,33.03,231.21,231.21,1,2025-07-08 11:21:49
90,90,2,1,1,18,109.13,1855.21,1855.21,1,2025-07-08 11:21:49
91,91,3,1,1,10,51.91,467.19,467.18999999999994,1,2025-07-08 11:21:49
92,92,1,3,2,19,80.16,1442.88,1442.8799999999999,1,2025-07-08 11:21:49
93,93,1,1,1,25,33.51,804.24,804.24,1,2025-07-08 11:21:49
94,94,1,3,2,24,90.02,2070.46,2070.46,1,2025-07-08 11:21:49
95,95,1,2,1,10,59.07,531.63,531.63,1,2025-07-08 11:21:49
96,96,2,1,1,4,110.81,332.43,332.43,1,2025-07-08 11:21:49
97,97,2,3,2,12,109.93,1209.23,1209.23,1,2025-07-08 11:21:49
98,98,1,1,1,4,59.28,177.84,177.84,1,2025-07-08 11:21:49
99,99,3,3,2,45,111.09,4887.96,4887.96,1,2025-07-08 11:21:49
100,100,3,1,1,9,119.65,957.2,957.2,1,2025-07-08 11:21:49
101,101,1,2,1,4,104.29,312.87,312.87,1,2025-07-08 11:21:49
102,102,1,1,1,1,106.04,0.0,0.0,1,2025-07-08 11:21:49
103,103,1,1,1,21,52.41,1048.1999999999998,1048.1999999999998,1,2025-07-08 11:21:49
104,104,1,3,2,21,81.9,1638.0,1638.0,1,2025-07-08 11:21:49
105,105,1,2,1,9,36.05,288.4,288.4,1,2025-07-08 11:21:49
106,106,2,3,2,2,38.54,38.54,38.54,1,2025-07-08 11:21:49
107,107,1,3,2,11,119.9,1199.0,1199.0,1,2025-07-08 11:21:49
108,108,1,2,2,8,59.4,415.8,415.8,1,2025-07-08 11:21:49
109,109,3,1,1,23,97.34,2141.48,2141.48,0,2025-07-08 11:21:49
110,110,2,3,2,19,102.6,1846.8,1846.8,1,2025-07-08 11:21:49
111,111,3,3,2,10,107.22,964.98,964.98,1,2025-07-08 11:21:49
112,112,1,1,1,5,119.79,479.16,479.16,1,2025-07-08 11:21:49
113,113,1,1,1,89,51.73,4552.24,4552.24,1,2025-07-08 11:21:49
114,114,2,1,2,13,33.63,403.56000000000006,403.56000000000006,1,2025-07-08 11:21:49
115,115,1,1,1,24,67.01,1541.23,1541.23,1,2025-07-08 11:21:49
116,116,1,2,1,4,41.71,125.13,125.13,1,2025-07-08 11:21:49
117,117,2,3,2,14,32.02,416.2600000000001,416.26000000000005,1,2025-07-08 11:21:49
118,118,2,2,1,1,62.44,0.0,0.0,1,2025-07-08 11:21:49
119,119,1,2,1,15,100.54,1407.5600000000002,1407.5600000000002,1,2025-07-08 11:21:49
120,120,1,1,1,67,80.96,5343.36,5343.36,1,2025-07-08 11:21:49
121,121,1,1,1,10,58.15,523.35,523.35,1,2025-07-08 11:21:49
122,122,1,1,2,1,88.89,0.0,0.0,1,2025-07-08 11:21:49
123,123,1,1,2,1,50.88,0.0,0.0,1,2025-07-08 11:21:49
124,124,1,1,1,10,31.29,281.61,281.61,1,2025-07-08 11:21:49
125,125,1,2,2,4,98.79,296.37,296.37,1,2025-07-08 11:21:49
126,126,3,1,1,1,86.14,0.0,0.0,1,2025-07-08 11:21:49
127,127,2,3,2,29,98.61,2761.08,2761.08,1,2025-07-08 11:21:49
128,128,2,1,1,13,33.5,402.0,402.0,0,2025-07-08 11:21:49
129,129,1,1,1,7,105.34,632.04,632.04,1,2025-07-08 11:21:49
130,130,1,1,1,47,85.76,3944.96,3944.96,1,2025-07-08 11:21:49
131,131,1,3,2,3,80.71,161.42,161.42,1,2025-07-08 11:21:49
132,132,1,2,2,63,86.22,5345.64,5345.64,1,2025-07-08 11:21:49
133,133,1,1,1,8,107.8,754.6,754.6,1,2025-07-08 11:21:49
134,134,2,3,2,44,82.82,3561.26,3561.2599999999998,1,2025-07-08 11:21:49
135,135,2,1,2,19,82.29,1481.22,1481.22,1,2025-07-08 11:21:49
136,136,2,2,2,36,119.16,4170.599999999999,4170.599999999999,1,2025-07-08 11:21:49
137,137,1,1,2,83,98.11,8045.019999999999,8045.0199999999995,1,2025-07-08 11:21:49
138,138,3,2,1,7,69.81,418.86,418.86,1,2025-07-08 11:21:49
139,139,1,1,2,65,93.67,5994.88,5994.88,1,2025-07-08 11:21:49
140,140,1,3,2,10,65.03,585.27,585.27,1,2025-07-08 11:21:49
141,141,1,2,1,10,50.6,455.4,455.40000000000003,1,2025-07-08 11:21:49
142,142,2,3,2,9,83.72,669.76,669.76,1,2025-07-08 11:21:49
143,143,3,2,1,16,113.54,1703.1,1703.1000000000001,1,2025-07-08 11:21:49
144,144,1,3,2,4,113.62,340.86,340.86,1,2025-07-08 11:21:49
145,145,3,1,1,17,60.77,972.32,972.32,0,2025-07-08 11:21:49
146,146,3,2,1,16,77.49,1162.35,1162.35,0,2025-07-08 11:21:49
147,147,1,2,2,29,49.05,1373.4,1373.3999999999999,1,2025-07-08 11:21:49
148,148,1,3,2,36,119.61,4186.35,4186.35,1,2025-07-08 11:21:49
149,149,1,2,1,12,118.3,1301.3,1301.3,1,2025-07-08 11:21:49
150,150,3,2,1,8,88.46,619.2199999999999,619.2199999999999,1,2025-07-08 11:21:49
151,151,1,1,2,7,102.4,614.4000000000001,614.4000000000001,1,2025-07-08 11:21:49
152,152,2,1,1,5,94.36,377.44,377.44,1,2025-07-08 11:21:49
153,153,1,1,1,2,83.38,83.38,83.38,1,2025-07-08 11:21:49
154,154,2,2,1,9,34.8,278.4,278.4,1,2025-07-08 11:21:49
155,155,1,2,2,7,70.93,425.58,425.58000000000004,1,2025-07-08 11:21:49
156,156,2,2,2,68,90.73,6078.91,6078.91,1,2025-07-08 11:21:49
157,157,3,2,1,17,90.98,1455.68,1455.68,0,2025-07-08 11:21:49
158,158,3,1,1,9,63.58,508.64,508.64,1,2025-07-08 11:21:49
159,159,3,3,2,18,114.75,1950.75,1950.75,1,2025-07-08 11:21:49
160,160,1,2,1,3,45.06,90.12,90.12,1,2025-07-08 11:21:49
161,161,2,1,1,12,75.03,825.33,825.33,1,2025-07-08 11:21:49
162,162,1,1,1,20,92.18,1751.42,1751.42,1,2025-07-08 11:21:49
163,163,1,3,2,14,92.74,1205.62,1205.62,1,2025-07-08 11:21:49
164,164,2,3,2,11,88.38,883.8,883.8,1,2025-07-08 11:21:49
165,165,1,3,2,102,54.78,5532.78,5532.78,1,2025-07-08 11:21:49
166,166,2,2,1,43,44.06,1850.52,1850.52,0,2025-07-08 11:21:49
167,167,3,2,2,20,87.23,1657.37,1657.3700000000001,1,2025-07-08 11:21:49
168,168,1,1,1,17,83.94,1343.04,1343.04,1,2025-07-08 11:21:49
169,169,2,2,2,20,46.14,876.66,876.66,1,2025-07-08 11:21:49
170,170,1,1,1,5,93.46,373.84,373.84,1,2025-07-08 11:21:49
171,171,1,3,2,11,70.97,709.7,709.7,1,2025-07-08 11:21:49
172,172,1,3,2,1,90.1,0.0,0.0,1,2025-07-08 11:21:49
173,173,3,3,2,13,105.36,1264.32,1264.32,1,2025-07-08 11:21:49
174,174,3,1,2,16,45.28,679.2,679.2,1,2025-07-08 11:21:49
175,175,3,1,1,6,31.72,158.6,158.6,1,2025-07-08 11:21:49
176,176,3,1,2,67,100.12,6607.92,6607.92,1,2025-07-08 11:21:49
177,177,1,2,1,49,84.87,4073.76,4073.76,1,2025-07-08 11:21:49
178,178,1,3,2,26,92.97,2324.25,2324.25,1,2025-07-08 11:21:49
179,179,2,2,2,16,105.43,1581.45,1581.45,1,2025-07-08 11:21:49
180,180,1,1,2,41,102.25,4090.0,4090.0,1,2025-07-08 11:21:49
181,181,1,1,1,3,116.48,232.96,232.96,1,2025-07-08 11:21:49
182,182,1,1,1,32,78.23,2425.13,2425.13,1,2025-07-08 11:21:49
183,183,2,3,2,3,73.96,147.92,147.92,1,2025-07-08 11:21:49
184,184,2,1,1,32,66.17,2051.27,2051.27,0,2025-07-08 11:21:49
185,185,1,3,2,7,43.83,262.98,262.98,1,2025-07-08 11:21:49
186,186,1,2,1,42,81.53,3342.73,3342.73,1,2025-07-08 11:21:49
187,187,2,1,1,58,54.93,3131.01,3131.0099999999998,0,2025-07-08 11:21:49
188,188,2,3,2,4,112.92,338.76,338.76,1,2025-07-08 11:21:49
189,189,1,1,1,13,82.49,989.88,989.8799999999999,1,2025-07-08 11:21:49
190,190,2,3,2,80,83.36,6585.44,6585.44,1,2025-07-08 11:21:49
191,191,1,2,2,14,61.94,805.22,805.22,1,2025-07-08 11:21:49
192,192,1,1,1,40,34.68,1352.52,1352.52,1,2025-07-08 11:21:49
193,193,2,1,1,18,32.86,558.62,558.62,0,2025-07-08 11:21:49
194,194,2,3,2,10,68.1,612.9,612.9,1,2025-07-08 11:21:49
195,195,1,2,1,7,37.61,225.66,225.66,1,2025-07-08 11:21:49
196,196,2,3,2,5,84.62,338.48,338.48,1,2025-07-08 11:21:49
197,197,2,1,1,29,109.29,3060.1200000000003,3060.1200000000003,1,2025-07-08 11:21:49
198,198,2,2,1,10,109.46,985.14,985.14,1,2025-07-08 11:21:49
199,199,2,1,2,15,89.31,1250.34,1250.3400000000001,1,2025-07-08 11:21:49
200,200,2,1,1,14,49.01,637.13,637.13,0,2025-07-08 11:21:49
201,201,1,1,1,18,107.67,1830.39,1830.39,1,2025-07-08 11:21:49
202,202,1,3,2,41,109.75,4390.0,4390.0,1,2025-07-08 11:21:49
203,203,1,1,1,79,47.7,3720.6,3720.6000000000004,1,2025-07-08 11:21:49
204,204,1,1,2,11,96.37,963.7,963.7,1,2025-07-08 11:21:49
205,205,2,1,1,36,55.79,1952.65,1952.6499999999999,0,2025-07-08 11:21:49
206,206,2,2,1,29,102.24,2862.72,2862.72,1,2025-07-08 11:21:49
207,207,1,2,1,18,119.75,2035.75,2035.75,1,2025-07-08 11:21:49
208,208,1,1,1,63,32.7,2027.4,2027.4,1,2025-07-08 11:21:49
209,209,1,1,1,5,110.76,443.04,443.04,1,2025-07-08 11:21:49
210,210,1,2,2,3,86.04,172.08,172.08,1,2025-07-08 11:21:49
211,211,2,1,2,39,117.6,4468.8,4468.8,1,2025-07-08 11:21:49
212,212,1,1,2,12,71.85,790.3499999999999,790.3499999999999,1,2025-07-08 11:21:49
213,213,2,2,2,38,106.26,3931.62,3931.6200000000003,1,2025-07-08 11:21:49
214,214,3,1,1,45,35.62,1567.28,1567.28,0,2025-07-08 11:21:49
215,215,1,2,1,2,60.18,60.18,60.18,1,2025-07-08 11:21:49
216,216,1,3,2,43,36.03,1513.26,1513.26,1,2025-07-08 11:21:49
217,217,1,3,2,12,117.78,1295.58,1295.58,1,2025-07-08 11:21:49
218,218,2,3,2,15,103.53,1449.42,1449.42,1,2025-07-08 11:21:49
219,219,2,2,1,20,106.73,2027.87,2027.8700000000001,1,2025-07-08 11:21:49
220,220,1,3,2,53,114.42,5949.84,5949.84,1,2025-07-08 11:21:49
221,221,2,3,2,1,37.66,0.0,0.0,1,2025-07-08 11:21:49
222,222,3,3,2,13,64.7,776.4000000000001,776.4000000000001,1,2025-07-08 11:21:49
223,223,1,2,2,24,36.39,836.97,836.97,1,2025-07-08 11:21:49
224,224,1,1,1,26,48.97,1224.25,1224.25,1,2025-07-08 11:21:49
225,225,3,3,2,24,50.64,1164.72,1164.72,1,2025-07-08 11:21:49
226,226,2,1,1,3,72.22,144.44,144.44,1,2025-07-08 11:21:49
227,227,3,1,2,8,54.17,379.19,379.19,1,2025-07-08 11:21:49
228,228,2,1,1,9,39.09,312.72,312.72,1,2025-07-08 11:21:49
229,229,3,1,1,33,45.07,1442.24,1442.24,0,2025-07-08 11:21:49
230,230,1,2,2,7,43.25,259.5,259.5,1,2025-07-08 11:21:49
231,231,2,1,1,5,117.58,470.32,470.32,1,2025-07-08 11:21:49
232,232,3,2,2,64,98.34,6195.42,6195.42,1,2025-07-08 11:21:49
233,233,2,1,1,1,117.1,0.0,0.0,1,2025-07-08 11:21:49
234,234,1,2,2,123,69.58,8488.76,8488.76,1,2025-07-08 11:21:49
235,235,1,1,1,23,55.05,1211.1,1211.1,1,2025-07-08 11:21:49
236,236,1,2,2,36,101.85,3564.75,3564.75,1,2025-07-08 11:21:49
237,237,1,1,2,7,59.36,356.16,356.15999999999997,1,2025-07-08 11:21:49
238,238,1,3,2,1,56.94,0.0,0.0,1,2025-07-08 11:21:49
239,239,2,2,1,27,50.93,1324.18,1324.18,0,2025-07-08 11:21:49
240,240,2,2,1,36,41.67,1458.45,1458.45,0,2025-07-08 11:21:49
241,241,1,2,1,27,53.08,1380.08,1380.08,1,2025-07-08 11:21:49
242,242,2,3,2,4,61.98,185.94,185.94,1,2025-07-08 11:21:49
243,243,1,1,1,29,90.66,2538.48,2538.48,1,2025-07-08 11:21:49
244,244,1,1,1,30,35.63,1033.27,1033.27,1,2025-07-08 11:21:49
245,245,1,2,1,22,48.95,1027.95,1027.95,1,2025-07-08 11:21:49
246,246,2,1,2,30,102.81,2981.49,2981.4900000000002,1,2025-07-08 11:21:49
247,247,1,3,2,38,43.22,1599.14,1599.1399999999999,1,2025-07-08 11:21:49
248,248,1,3,2,20,60.84,1155.96,1155.96,1,2025-07-08 11:21:49
249,249,1,1,1,2,107.82,107.82,107.82,1,2025-07-08 11:21:49
250,250,3,2,1,14,43.94,571.22,571.22,0,2025-07-08 11:21:49
251,251,1,2,1,2,37.45,37.45,37.45,1,2025-07-08 11:21:49
252,252,2,2,1,11,73.61,736.1,736.1,1,2025-07-08 11:21:49
253,253,2,2,1,11,57.22,572.2,572.2,1,2025-07-08 11:21:49
254,254,2,2,1,2,80.71,80.71,80.71,1,2025-07-08 11:21:49
255,255,3,2,1,9,102.34,818.72,818.72,1,2025-07-08 11:21:49
256,256,1,1,1,3,42.34,84.68,84.68,1,2025-07-08 11:21:49
257,257,1,3,2,34,82.26,2714.5800000000004,2714.5800000000004,1,2025-07-08 11:21:49
258,258,3,1,1,60,75.5,4454.5,4454.5,0,2025-07-08 11:21:49
259,259,1,3,2,2,42.97,42.97,42.97,1,2025-07-08 11:21:49
260,260,2,3,2,63,86.16,5341.92,5341.92,1,2025-07-08 11:21:49
261,261,2,2,1,15,54.63,764.82,764.82,0,2025-07-08 11:21:49
262,262,2,3,2,8,73.91,517.37,517.37,1,2025-07-08 11:21:49
263,263,3,2,2,2,37.4,37.4,37.4,1,2025-07-08 11:21:49
264,264,3,1,2,14,71.36,927.68,927.68,1,2025-07-08 11:21:49
265,265,2,1,1,32,57.58,1784.98,1784.98,0,2025-07-08 11:21:49
266,266,1,3,2,25,104.01,2496.24,2496.2400000000002,1,2025-07-08 11:21:49
267,267,3,2,1,2,35.13,35.13,35.13,1,2025-07-08 11:21:49
268,268,1,2,1,2,67.67,67.67,67.67,1,2025-07-08 11:21:49
269,269,1,3,2,11,71.26,712.6,712.6,1,2025-07-08 11:21:49
270,270,3,2,1,7,95.25,571.5,571.5,1,2025-07-08 11:21:49
271,271,1,1,1,6,81.69,408.45,408.45,1,2025-07-08 11:21:49
272,272,1,3,2,7,90.05,540.3,540.3,1,2025-07-08 11:21:49
273,273,1,3,2,33,99.93,3197.76,3197.76,1,2025-07-08 11:21:49
274,274,3,3,2,53,107.6,5595.2,5595.2,1,2025-07-08 11:21:49
275,275,2,3,2,11,58.25,582.5,582.5,1,2025-07-08 11:21:49
276,276,2,2,1,48,78.42,3685.74,3685.7400000000002,0,2025-07-08 11:21:49
277,277,1,3,2,8,105.61,739.27,739.27,1,2025-07-08 11:21:49
278,278,2,1,2,13,119.05,1428.6,1428.6,1,2025-07-08 11:21:49
279,279,2,1,1,6,110.06,550.3,550.3,1,2025-07-08 11:21:49
280,280,1,2,2,21,63.43,1268.6,1268.6,1,2025-07-08 11:21:49
281,281,1,1,2,78,47.56,3662.12,3662.1200000000003,1,2025-07-08 11:21:49
282,282,1,3,2,19,74.05,1332.9,1332.8999999999999,1,2025-07-08 11:21:49
283,283,3,3,2,9,96.75,774.0,774.0,1,2025-07-08 11:21:49
284,284,2,1,1,21,74.33,1486.6,1486.6,0,2025-07-08 11:21:49
285,285,3,2,2,3,73.49,146.98,146.98,1,2025-07-08 11:21:49
286,286,1,1,2,44,105.44,4533.92,4533.92,1,2025-07-08 11:21:49
287,287,2,3,2,14,62.53,812.89,812.89,1,2025-07-08 11:21:49
288,288,2,3,2,12,107.38,1181.1799999999998,1181.1799999999998,1,2025-07-08 11:21:49
289,289,2,1,1,18,66.61,1132.37,1132.37,0,2025-07-08 11:21:49
290,290,3,2,1,20,59.54,1131.26,1131.26,0,2025-07-08 11:21:49
291,291,1,1,1,2,70.86,70.86,70.86,1,2025-07-08 11:21:49
292,292,1,1,1,23,98.62,2169.6400000000003,2169.6400000000003,1,2025-07-08 11:21:49
293,293,2,3,2,6,41.34,206.7,206.70000000000002,1,2025-07-08 11:21:49
294,294,2,1,2,26,47.68,1192.0,1192.0,1,2025-07-08 11:21:49
295,295,2,1,1,35,115.63,3931.42,3931.42,1,2025-07-08 11:21:49
296,296,1,1,1,33,45.79,1465.28,1465.28,1,2025-07-08 11:21:49
297,297,2,2,1,17,81.1,1297.6,1297.6,0,2025-07-08 11:21:49
298,298,1,3,2,15,82.14,1149.96,1149.96,1,2025-07-08 11:21:49
299,299,1,1,2,4,74.07,222.21,222.20999999999998,1,2025-07-08 11:21:49
300,300,2,1,1,30,88.03,2552.87,2552.87,0,2025-07-08 11:21:49
301,301,2,1,1,7,50.68,304.08,304.08,1,2025-07-08 11:21:49
302,302,1,1,1,14,79.74,1036.62,1036.62,1,2025-07-08 11:21:49
303,303,1,1,2,7,63.5,381.0,381.0,1,2025-07-08 11:21:49
304,304,1,3,2,3,89.55,179.1,179.1,1,2025-07-08 11:21:49
305,305,1,2,1,20,42.71,811.49,811.49,1,2025-07-08 11:21:49
306,306,2,1,1,2,81.38,81.38,81.38,1,2025-07-08 11:21:49
307,307,3,2,1,28,46.67,1260.09,1260.0900000000001,0,2025-07-08 11:21:49
308,308,1,1,2,8,55.08,385.56,385.56,1,2025-07-08 11:21:49
309,309,2,2,1,1,49.68,0.0,0.0,1,2025-07-08 11:21:49
310,310,3,1,1,15,46.46,650.44,650.44,0,2025-07-08 11:21:49
311,311,3,3,2,1,104.31,0.0,0.0,1,2025-07-08 11:21:49
312,312,1,3,2,7,55.71,334.26,334.26,1,2025-07-08 11:21:49
313,313,3,1,2,25,113.44,2722.56,2722.56,1,2025-07-08 11:21:49
314,314,1,1,1,2,117.29,117.29,117.29,1,2025-07-08 11:21:49
315,315,1,2,2,37,81.41,2930.76,2930.7599999999998,1,2025-07-08 11:21:49
316,316,1,1,2,1,42.87,0.0,0.0,1,2025-07-08 11:21:49
317,317,1,3,2,6,63.71,318.55,318.55,1,2025-07-08 11:21:49
318,318,1,2,1,28,101.8,2748.6,2748.6,1,2025-07-08 11:21:49
319,319,1,1,1,8,63.07,441.49,441.49,1,2025-07-08 11:21:49
320,320,1,3,2,3,37.83,75.66,75.66,1,2025-07-08 11:21:49
321,321,3,3,2,9,80.11,640.88,640.88,1,2025-07-08 11:21:49
322,322,3,2,1,7,106.06,636.36,636.36,1,2025-07-08 11:21:49
323,323,1,1,1,37,101.63,3658.68,3658.68,1,2025-07-08 11:21:49
324,324,3,2,2,8,45.76,320.32,320.32,1,2025-07-08 11:21:49
325,325,3,2,1,32,90.55,2807.05,2807.0499999999997,0,2025-07-08 11:21:49
326,326,2,3,2,45,49.85,2193.4,2193.4,1,2025-07-08 11:21:49
327,327,1,3,2,12,49.64,546.04,546.04,1,2025-07-08 11:21:49
328,328,2,3,2,49,108.67,5216.16,5216.16,1,2025-07-08 11:21:49
329,329,3,2,2,10,52.47,472.23,472.23,1,2025-07-08 11:21:49
330,330,2,3,2,67,53.69,3543.54,3543.54,1,2025-07-08 11:21:49
331,331,1,1,2,2,30.06,30.06,30.06,1,2025-07-08 11:21:49
332,332,2,1,1,24,108.36,2492.28,2492.28,1,2025-07-08 11:21:49
333,333,2,1,1,14,101.33,1317.29,1317.29,1,2025-07-08 11:21:49
334,334,2,2,1,10,86.46,778.14,778.14,1,2025-07-08 11:21:49
335,335,1,3,2,21,97.52,1950.4,1950.3999999999999,1,2025-07-08 11:21:49
336,336,1,1,1,25,43.68,1048.32,1048.32,1,2025-07-08 11:21:49
337,337,3,2,1,1,71.25,0.0,0.0,1,2025-07-08 11:21:49
338,338,3,2,1,4,61.61,184.83,184.82999999999998,1,2025-07-08 11:21:49
339,339,1,2,1,25,38.44,922.56,922.56,1,2025-07-08 11:21:49
340,340,3,2,1,22,73.75,1548.75,1548.75,0,2025-07-08 11:21:49
341,341,1,1,2,68,112.87,7562.29,7562.29,1,2025-07-08 11:21:49
342,342,2,3,2,29,33.61,941.08,941.0799999999999,1,2025-07-08 11:21:49
343,343,2,2,1,61,56.23,3373.8,3373.7999999999997,0,2025-07-08 11:21:49
344,344,3,2,1,25,48.68,1168.32,1168.32,0,2025-07-08 11:21:49
345,345,3,1,2,8,51.43,360.01,360.01,1,2025-07-08 11:21:49
346,346,1,3,2,3,111.76,223.52,223.52,1,2025-07-08 11:21:49
347,347,3,1,1,31,72.13,2163.9,2163.8999999999996,0,2025-07-08 11:21:49
348,348,1,1,2,21,71.97,1439.4,1439.4,1,2025-07-08 11:21:49
349,349,2,1,1,1,98.45,0.0,0.0,1,2025-07-08 11:21:49
350,350,2,2,1,9,43.9,351.2,351.2,1,2025-07-08 11:21:49
351,351,2,2,2,63,73.85,4578.7,4578.7,1,2025-07-08 11:21:49
352,352,1,3,2,14,68.7,893.1,893.1,1,2025-07-08 11:21:49
353,353,3,1,1,12,83.72,920.92,920.92,1,2025-07-08 11:21:49
354,354,1,1,2,13,119.96,1439.52,1439.52,1,2025-07-08 11:21:49
355,355,1,3,2,5,99.25,397.0,397.0,1,2025-07-08 11:21:49
356,356,2,1,2,10,65.81,592.29,592.29,1,2025-07-08 11:21:49
357,357,1,2,1,10,104.48,940.32,940.32,1,2025-07-08 11:21:49
358,358,3,1,1,2,45.36,45.36,45.36,1,2025-07-08 11:21:49
359,359,1,2,1,30,32.74,949.46,949.46,1,2025-07-08 11:21:49
360,360,1,2,1,11,48.4,484.0,484.0,1,2025-07-08 11:21:49
361,361,3,1,1,35,60.64,2061.76,2061.76,0,2025-07-08 11:21:49
362,362,2,3,2,38,75.95,2810.15,2810.15,1,2025-07-08 11:21:49
363,363,1,3,2,5,85.36,341.44,341.44,1,2025-07-08 11:21:49
364,364,2,1,1,22,111.95,2350.9500000000003,2350.9500000000003,1,2025-07-08 11:21:49
365,365,2,2,1,13,75.89,910.68,910.6800000000001,0,2025-07-08 11:21:49
366,366,2,2,1,43,75.11,3154.62,3154.62,0,2025-07-08 11:21:49
367,367,1,3,2,5,34.52,138.08,138.08,1,2025-07-08 11:21:49
368,368,3,1,2,23,33.14,729.08,729.08,1,2025-07-08 11:21:49
369,369,3,1,2,19,79.6,1432.8,1432.8,1,2025-07-08 11:21:49
370,370,2,3,2,7,69.44,416.64,416.64,1,2025-07-08 11:21:49
371,371,1,3,2,3,105.53,211.06,211.06,1,2025-07-08 11:21:49
372,372,3,3,2,22,44.46,933.66,933.66,1,2025-07-08 11:21:49
373,373,2,2,1,27,32.25,838.5,838.5,0,2025-07-08 11:21:49
374,374,2,3,2,8,70.41,492.87,492.87,1,2025-07-08 11:21:49
375,375,1,3,2,21,51.37,1027.4,1027.3999999999999,1,2025-07-08 11:21:49
376,376,3,2,2,11,34.47,344.7,344.7,1,2025-07-08 11:21:49
377,377,2,1,1,25,95.21,2285.04,2285.04,0,2025-07-08 11:21:49
378,378,1,1,1,5,40.04,160.16,160.16,1,2025-07-08 11:21:49
379,379,1,3,2,45,84.75,3729.0,3729.0,1,2025-07-08 11:21:49
380,380,3,2,2,7,55.29,331.74,331.74,1,2025-07-08 11:21:49
381,381,1,1,1,10,45.61,410.49,410.49,1,2025-07-08 11:21:49
382,382,3,2,1,2,64.18,64.18,64.18,1,2025-07-08 11:21:49
383,383,2,3,2,3,102.13,204.26,204.26,1,2025-07-08 11:21:49
384,384,2,2,1,15,65.29,914.06,914.0600000000001,0,2025-07-08 11:21:49
385,385,1,2,1,7,97.57,585.42,585.42,1,2025-07-08 11:21:49
386,386,1,1,1,37,41.29,1486.44,1486.44,1,2025-07-08 11:21:49
387,387,3,3,2,1,99.55,0.0,0.0,1,2025-07-08 11:21:49
388,388,1,2,1,10,51.32,461.88,461.88,1,2025-07-08 11:21:49
389,389,2,2,1,9,90.97,727.76,727.76,1,2025-07-08 11:21:49
390,390,1,3,2,1,80.92,0.0,0.0,1,2025-07-08 11:21:49
391,391,1,1,1,3,113.62,227.24,227.24,1,2025-07-08 11:21:49
392,392,1,3,2,11,64.86,648.6,648.6,1,2025-07-08 11:21:49
393,393,2,2,1,14,35.95,467.35,467.35,0,2025-07-08 11:21:49
394,394,3,1,1,11,31.72,317.2,317.2,1,2025-07-08 11:21:49
395,395,1,2,2,16,104.42,1566.3,1566.3,1,2025-07-08 11:21:49
396,396,1,2,1,19,77.23,1390.14,1390.14,1,2025-07-08 11:21:49
397,397,1,1,1,1,99.77,0.0,0.0,1,2025-07-08 11:21:49
398,398,2,1,2,13,51.1,613.2,613.2,1,2025-07-08 11:21:49
399,399,1,3,2,67,61.06,4029.96,4029.96,1,2025-07-08 11:21:49
400,400,3,1,2,15,32.71,457.94,457.94,1,2025-07-08 11:21:49
401,401,2,1,1,23,116.53,2563.66,2563.66,1,2025-07-08 11:21:49
402,402,2,1,1,8,90.11,630.77,630.77,1,2025-07-08 11:21:49
403,403,1,3,2,30,113.99,3305.71,3305.71,1,2025-07-08 11:21:49
404,404,3,2,1,30,53.89,1562.81,1562.81,0,2025-07-08 11:21:49
405,405,1,2,1,15,85.03,1190.42,1190.42,1,2025-07-08 11:21:49
406,406,1,1,2,75,91.06,6738.4400000000005,6738.4400000000005,1,2025-07-08 11:21:49
407,407,2,1,1,3,58.58,117.16,117.16,1,2025-07-08 11:21:49
408,408,2,2,1,1,106.33,0.0,0.0,1,2025-07-08 11:21:49
409,409,1,3,2,30,115.24,3341.96,3341.96,1,2025-07-08 11:21:49
410,410,1,2,2,33,109.64,3508.48,3508.48,1,2025-07-08 11:21:49
411,411,2,3,2,3,96.52,193.04,193.04,1,2025-07-08 11:21:49
412,412,1,2,1,7,54.97,329.82,329.82,1,2025-07-08 11:21:49
413,413,3,1,1,1,55.35,0.0,0.0,1,2025-07-08 11:21:49
414,414,2,3,2,7,116.7,700.2,700.2,1,2025-07-08 11:21:49
415,415,1,2,1,30,30.93,896.97,896.97,1,2025-07-08 11:21:49
416,416,1,3,2,15,94.44,1322.16,1322.1599999999999,1,2025-07-08 11:21:49
417,417,1,1,2,9,93.56,748.48,748.48,1,2025-07-08 11:21:49
418,418,2,3,2,10,86.04,774.36,774.36,1,2025-07-08 11:21:49
419,419,2,1,2,1,119.11,0.0,0.0,1,2025-07-08 11:21:49
420,420,1,1,1,8,58.07,406.49,406.49,1,2025-07-08 11:21:49
421,421,2,2,1,21,60.6,1212.0,1212.0,0,2025-07-08 11:21:49
422,422,3,1,1,74,37.1,2708.3,2708.3,0,2025-07-08 11:21:49
423,423,1,2,1,38,69.85,2584.45,2584.45,1,2025-07-08 11:21:49
424,424,3,2,1,1,53.49,0.0,0.0,1,2025-07-08 11:21:49
425,425,1,2,2,46,60.9,2740.5,2740.5,1,2025-07-08 11:21:49
426,426,1,1,1,31,105.11,3153.3,3153.3,1,2025-07-08 11:21:49
427,427,1,3,2,31,114.19,3425.7,3425.7,1,2025-07-08 11:21:49
428,428,1,2,1,13,46.72,560.64,560.64,1,2025-07-08 11:21:49
429,429,1,2,1,11,63.53,635.3,635.3,1,2025-07-08 11:21:49
430,430,1,1,1,8,113.58,795.06,795.06,1,2025-07-08 11:21:49
431,431,3,2,1,2,35.56,35.56,35.56,1,2025-07-08 11:21:49
432,432,3,2,1,6,38.31,191.55,191.55,1,2025-07-08 11:21:49
433,433,2,2,2,6,44.65,223.25,223.25,1,2025-07-08 11:21:49
434,434,1,3,2,14,83.57,1086.41,1086.4099999999999,1,2025-07-08 11:21:49
435,435,1,3,2,28,43.54,1175.58,1175.58,1,2025-07-08 11:21:49
436,436,1,1,1,13,117.13,1405.56,1405.56,1,2025-07-08 11:21:49
437,437,2,1,2,2,70.2,70.2,70.2,1,2025-07-08 11:21:49
438,438,3,1,1,64,75.14,4733.82,4733.82,0,2025-07-08 11:21:49
439,439,1,1,1,58,52.2,2975.4,2975.4,1,2025-07-08 11:21:49
440,440,1,1,1,31,72.39,2171.7,2171.7,1,2025-07-08 11:21:49
441,441,2,1,2,95,89.57,8419.58,8419.58,1,2025-07-08 11:21:49
442,442,1,2,1,16,97.61,1464.15,1464.15,1,2025-07-08 11:21:49
443,443,1,2,1,66,97.85,6360.25,6360.25,1,2025-07-08 11:21:49
444,444,2,1,2,2,82.01,82.01,82.01,1,2025-07-08 11:21:49
445,445,2,3,2,10,111.39,1002.51,1002.51,1,2025-07-08 11:21:49
446,446,1,1,1,6,103.57,517.8499999999999,517.8499999999999,1,2025-07-08 11:21:49
447,447,1,3,2,5,98.13,392.52,392.52,1,2025-07-08 11:21:49
448,448,3,3,2,4,35.0,105.0,105.0,1,2025-07-08 11:21:49
449,449,1,2,1,20,30.62,581.78,581.78,1,2025-07-08 11:21:49
450,450,1,1,2,31,49.12,1473.6,1473.6,1,2025-07-08 11:21:49
451,451,1,1,1,18,89.72,1525.24,1525.24,1,2025-07-08 11:21:49
452,452,1,3,2,4,67.01,201.03000000000003,201.03000000000003,1,2025-07-08 11:21:49
453,453,1,3,2,34,66.22,2185.26,2185.2599999999998,1,2025-07-08 11:21:49
454,454,3,1,1,21,109.61,2192.2,2192.2,1,2025-07-08 11:21:49
455,455,1,2,1,10,110.6,995.4,995.4,1,2025-07-08 11:21:49
456,456,1,3,2,23,111.83,2460.26,2460.2599999999998,1,2025-07-08 11:21:49
457,457,2,2,1,7,58.25,349.5,349.5,1,2025-07-08 11:21:49
458,458,2,3,2,9,92.2,737.6,737.6,1,2025-07-08 11:21:49
459,459,3,3,2,50,54.45,2668.05,2668.05,1,2025-07-08 11:21:49
460,460,3,1,1,7,47.15,282.9,282.9,1,2025-07-08 11:21:49
461,461,1,1,2,13,46.62,559.4399999999999,559.4399999999999,1,2025-07-08 11:21:49
462,462,2,1,1,45,60.79,2674.76,2674.7599999999998,0,2025-07-08 11:21:49
463,463,1,1,2,25,68.7,1648.8000000000002,1648.8000000000002,1,2025-07-08 11:21:49
464,464,3,1,1,2,104.79,104.79,104.79,1,2025-07-08 11:21:49
465,465,1,3,2,4,40.79,122.37,122.37,1,2025-07-08 11:21:49
466,466,3,3,2,1,96.14,0.0,0.0,1,2025-07-08 11:21:49
467,467,2,3,2,20,77.83,1478.77,1478.77,1,2025-07-08 11:21:49
468,468,1,2,1,12,55.92,615.12,615.12,1,2025-07-08 11:21:49
469,469,2,3,2,3,74.35,148.7,148.7,1,2025-07-08 11:21:49
470,470,3,3,2,64,56.99,3590.3700000000003,3590.3700000000003,1,2025-07-08 11:21:49
471,471,3,2,2,16,83.65,1254.75,1254.75,1,2025-07-08 11:21:49
472,472,1,2,1,6,69.05,345.25,345.25,1,2025-07-08 11:21:49
473,473,2,2,2,14,44.8,582.4,582.4,1,2025-07-08 11:21:49
474,474,1,3,2,23,40.49,890.7800000000001,890.7800000000001,1,2025-07-08 11:21:49
475,475,1,1,1,2,79.2,79.2,79.2,1,2025-07-08 11:21:49
476,476,1,3,2,7,111.22,667.3199999999999,667.3199999999999,1,2025-07-08 11:21:49
477,477,1,2,1,33,60.96,1950.72,1950.72,1,2025-07-08 11:21:49
478,478,3,3,2,13,95.97,1151.64,1151.6399999999999,1,2025-07-08 11:21:49
479,479,1,2,1,16,89.28,1339.2,1339.2,1,2025-07-08 11:21:49
480,480,3,1,1,12,113.84,1252.24,1252.24,1,2025-07-08 11:21:49
481,481,1,1,2,1,103.89,0.0,0.0,1,2025-07-08 11:21:49
482,482,1,2,1,4,80.99,242.97,242.96999999999997,1,2025-07-08 11:21:49
483,483,1,3,2,12,89.13,980.43,980.43,1,2025-07-08 11:21:49
484,484,1,2,1,5,110.85,443.4,443.4,1,2025-07-08 11:21:49
485,485,1,1,1,2,65.96,65.96,65.96,1,2025-07-08 11:21:49
486,486,1,1,1,38,59.41,2198.17,2198.17,1,2025-07-08 11:21:49
487,487,2,1,1,80,30.97,2446.63,2446.63,0,2025-07-08 11:21:49
488,488,1,2,1,32,104.39,3236.09,3236.09,1,2025-07-08 11:21:49
489,489,1,2,2,39,102.09,3879.42,3879.42,1,2025-07-08 11:21:49
490,490,1,3,2,6,39.4,197.0,197.0,1,2025-07-08 11:21:49
491,491,3,2,2,65,81.92,5242.88,5242.88,1,2025-07-08 11:21:49
492,492,3,3,2,5,71.76,287.04,287.04,1,2025-07-08 11:21:49
493,493,1,3,2,61,40.68,2440.8,2440.8,1,2025-07-08 11:21:49
494,494,1,2,1,106,118.25,12416.25,12416.25,1,2025-07-08 11:21:49
495,495,1,2,2,25,49.32,1183.68,1183.68,1,2025-07-08 11:21:49
496,496,3,1,1,80,36.05,2847.95,2847.95,0,2025-07-08 11:21:49
497,497,1,3,2,17,83.54,1336.64,1336.64,1,2025-07-08 11:21:49
498,498,1,3,2,7,96.5,579.0,579.0,1,2025-07-08 11:21:49
499,499,1,1,1,12,32.92,362.12,362.12,1,2025-07-08 11:21:49
500,500,1,3,2,19,89.28,1607.04,1607.04,1,2025-07-08 11:21:49
501,501,1,2,2,2,77.91,77.91,77.91,1,2025-07-08 11:21:49
502,502,2,3,2,20,39.29,746.51,746.51,1,2025-07-08 11:21:49
503,503,1,3,2,80,45.53,3596.87,3596.87,1,2025-07-08 11:21:49
504,504,2,2,1,5,81.12,324.48,324.48,1,2025-07-08 11:21:49
505,505,1,2,1,32,56.67,1756.77,1756.77,1,2025-07-08 11:21:49
506,506,1,2,1,48,114.45,5379.150000000001,5379.150000000001,1,2025-07-08 11:21:49
507,507,3,2,1,58,103.69,5910.33,5910.33,1,2025-07-08 11:21:49
508,508,1,3,2,65,118.52,7585.28,7585.28,1,2025-07-08 11:21:49
509,509,3,1,1,15,53.37,747.18,747.18,0,2025-07-08 11:21:49
510,510,2,2,2,76,117.28,8796.0,8796.0,1,2025-07-08 11:21:49
511,511,1,1,2,29,68.81,1926.68,1926.68,1,2025-07-08 11:21:49
512,512,3,3,2,4,61.28,183.84,183.84,1,2025-07-08 11:21:49
513,513,1,1,1,13,34.53,414.36,414.36,1,2025-07-08 11:21:49
514,514,3,1,1,26,34.75,868.75,868.75,0,2025-07-08 11:21:49
515,515,1,2,2,6,92.28,461.4,461.4,1,2025-07-08 11:21:49
516,516,3,3,2,21,71.21,1424.1999999999998,1424.1999999999998,1,2025-07-08 11:21:49
517,517,1,3,2,22,50.39,1058.19,1058.19,1,2025-07-08 11:21:49
518,518,2,2,2,4,85.26,255.78000000000003,255.78000000000003,1,2025-07-08 11:21:49
519,519,2,2,1,17,52.76,844.16,844.16,0,2025-07-08 11:21:49
520,520,3,2,1,30,81.99,2377.71,2377.71,0,2025-07-08 11:21:49
521,521,3,2,1,14,62.33,810.29,810.29,0,2025-07-08 11:21:49
522,522,3,1,2,1,104.12,0.0,0.0,1,2025-07-08 11:21:49
523,523,3,3,2,1,103.86,0.0,0.0,1,2025-07-08 11:21:49
524,524,1,1,2,9,72.96,583.68,583.68,1,2025-07-08 11:21:49
525,525,1,3,2,53,61.57,3201.64,3201.64,1,2025-07-08 11:21:49
526,526,1,1,1,6,62.63,313.15000000000003,313.15000000000003,1,2025-07-08 11:21:49
527,527,1,3,2,21,102.51,2050.2000000000003,2050.2000000000003,1,2025-07-08 11:21:49
528,528,1,3,2,6,59.54,297.7,297.7,1,2025-07-08 11:21:49
529,529,2,2,1,8,48.82,341.74,341.74,1,2025-07-08 11:21:49
530,530,1,1,2,38,37.62,1391.9399999999998,1391.9399999999998,1,2025-07-08 11:21:49
531,531,2,1,1,27,72.0,1872.0,1872.0,0,2025-07-08 11:21:49
532,532,1,2,1,3,73.39,146.78,146.78,1,2025-07-08 11:21:49
533,533,1,1,1,12,105.68,1162.48,1162.48,1,2025-07-08 11:21:49
534,534,2,1,1,1,49.91,0.0,0.0,1,2025-07-08 11:21:49
535,535,2,3,2,14,64.29,835.7700000000001,835.7700000000001,1,2025-07-08 11:21:49
536,536,2,1,1,22,102.76,2157.96,2157.96,1,2025-07-08 11:21:49
537,537,2,3,2,3,104.13,208.26,208.26,1,2025-07-08 11:21:49
538,538,1,1,2,7,64.61,387.66,387.65999999999997,1,2025-07-08 11:21:49
539,539,2,3,2,11,71.32,713.1999999999999,713.1999999999999,1,2025-07-08 11:21:49
540,540,1,1,1,51,57.3,2865.0,2865.0,1,2025-07-08 11:21:49
541,541,1,3,2,100,113.93,11279.070000000002,11279.070000000002,1,2025-07-08 11:21:49
542,542,1,1,1,1,40.68,0.0,0.0,1,2025-07-08 11:21:49
543,543,1,1,1,29,114.04,3193.1200000000003,3193.1200000000003,1,2025-07-08 11:21:49
544,544,1,1,2,10,91.55,823.9499999999999,823.9499999999999,1,2025-07-08 11:21:49
545,545,3,1,2,10,77.84,700.5600000000001,700.5600000000001,1,2025-07-08 11:21:49
546,546,3,2,1,29,32.94,922.32,922.3199999999999,0,2025-07-08 11:21:49
547,547,1,2,1,51,72.8,3640.0,3640.0,1,2025-07-08 11:21:49
548,548,1,2,1,61,66.7,4002.0,4002.0,1,2025-07-08 11:21:49
549,549,1,3,2,18,44.51,756.67,756.67,1,2025-07-08 11:21:49
550,550,1,2,1,9,89.08,712.64,712.64,1,2025-07-08 11:21:49
551,551,3,2,1,31,117.4,3522.0,3522.0,1,2025-07-08 11:21:49
552,552,1,3,2,6,80.6,403.0,403.0,1,2025-07-08 11:21:49
553,553,2,1,1,17,94.33,1509.28,1509.28,0,2025-07-08 11:21:49
554,554,1,1,1,9,36.16,289.28,289.28,1,2025-07-08 11:21:49
555,555,3,2,1,22,67.59,1419.39,1419.39,0,2025-07-08 11:21:49
556,556,1,3,2,6,40.47,202.35,202.35,1,2025-07-08 11:21:49
557,557,2,3,2,5,85.15,340.6,340.6,1,2025-07-08 11:21:49
558,558,1,3,2,51,114.46,5723.0,5723.0,1,2025-07-08 11:21:49
559,559,2,1,1,3,89.56,179.12,179.12,1,2025-07-08 11:21:49
560,560,1,3,2,15,36.91,516.74,516.74,1,2025-07-08 11:21:49
561,561,1,2,1,5,61.92,247.68,247.68,1,2025-07-08 11:21:49
562,562,3,2,1,1,79.56,0.0,0.0,1,2025-07-08 11:21:49
563,563,3,2,2,1,66.29,0.0,0.0,1,2025-07-08 11:21:49
564,564,3,1,1,4,105.03,315.09000000000003,315.09000000000003,1,2025-07-08 11:21:49
565,565,2,1,1,41,103.32,4132.799999999999,4132.799999999999,1,2025-07-08 11:21:49
566,566,3,1,2,7,85.06,510.36,510.36,1,2025-07-08 11:21:49
567,567,1,2,2,61,63.61,3816.6,3816.6,1,2025-07-08 11:21:49
568,568,1,1,1,18,52.98,900.66,900.66,1,2025-07-08 11:21:49
569,569,1,3,2,12,39.53,434.83,434.83000000000004,1,2025-07-08 11:21:49
570,570,2,1,1,18,61.94,1052.98,1052.98,0,2025-07-08 11:21:49
571,571,1,3,2,15,67.19,940.66,940.66,1,2025-07-08 11:21:49
572,572,1,2,1,29,90.82,2542.96,2542.96,1,2025-07-08 11:21:49
573,573,2,3,2,7,89.23,535.38,535.38,1,2025-07-08 11:21:49
574,574,3,1,2,9,36.31,290.48,290.48,1,2025-07-08 11:21:49
575,575,1,2,1,45,65.57,2885.08,2885.08,1,2025-07-08 11:21:49
576,576,1,2,1,59,46.36,2688.88,2688.88,1,2025-07-08 11:21:49
577,577,1,1,1,45,44.11,1940.84,1940.84,1,2025-07-08 11:21:49
578,578,1,3,2,11,104.46,1044.6,1044.6,1,2025-07-08 11:21:49
579,579,1,1,2,31,33.77,1013.1,1013.1000000000001,1,2025-07-08 11:21:49
580,580,2,2,1,13,67.73,812.76,812.76,0,2025-07-08 11:21:49
581,581,2,3,2,14,45.14,586.82,586.82,1,2025-07-08 11:21:49
582,582,2,1,1,5,109.14,436.56,436.56,1,2025-07-08 11:21:49
583,583,1,1,2,18,80.13,1362.21,1362.21,1,2025-07-08 11:21:49
584,584,3,1,1,5,50.82,203.28,203.28,1,2025-07-08 11:21:49
585,585,1,2,2,9,75.22,601.76,601.76,1,2025-07-08 11:21:49
586,586,1,1,1,39,95.83,3641.54,3641.54,1,2025-07-08 11:21:49
587,587,3,1,1,5,116.23,464.92,464.92,1,2025-07-08 11:21:49
588,588,1,3,2,2,49.84,49.84,49.84,1,2025-07-08 11:21:49
589,589,1,1,2,2,109.76,109.76,109.76,1,2025-07-08 11:21:49
590,590,3,1,2,57,114.09,6389.04,6389.04,1,2025-07-08 11:21:49
591,591,1,1,1,15,112.48,1574.72,1574.72,1,2025-07-08 11:21:49
592,592,2,3,2,11,87.19,871.9,871.9,1,2025-07-08 11:21:49
593,593,1,3,2,34,86.68,2860.44,2860.44,1,2025-07-08 11:21:49
594,594,2,1,1,37,66.29,2386.44,2386.44,0,2025-07-08 11:21:49
595,595,1,3,2,9,97.72,781.76,781.76,1,2025-07-08 11:21:49
596,596,1,1,2,24,77.82,1789.86,1789.86,1,2025-07-08 11:21:49
597,597,2,1,2,30,90.97,2638.13,2638.13,1,2025-07-08 11:21:49
598,598,1,2,1,22,68.56,1439.76,1439.76,1,2025-07-08 11:21:49
599,599,1,1,1,4,95.83,287.49,287.49,1,2025-07-08 11:21:49
600,600,1,2,2,42,104.2,4272.2,4272.2,1,2025-07-08 11:21:49
601,601,1,3,2,16,43.18,647.7,647.7,1,2025-07-08 11:21:49
602,602,1,1,1,7,104.96,629.76,629.76,1,2025-07-08 11:21:49
603,603,1,3,2,12,78.63,864.93,864.93,1,2025-07-08 11:21:49
604,604,3,1,1,1,106.02,0.0,0.0,1,2025-07-08 11:21:49
605,605,1,1,1,3,68.82,137.64,137.64,1,2025-07-08 11:21:49
606,606,1,1,1,30,64.11,1859.19,1859.19,1,2025-07-08 11:21:49
607,607,1,2,1,1,112.36,0.0,0.0,1,2025-07-08 11:21:49
608,608,1,1,1,11,52.61,526.1,526.1,1,2025-07-08 11:21:49
609,609,3,2,1,15,105.98,1483.72,1483.72,1,2025-07-08 11:21:49
610,610,1,1,1,2,73.56,73.56,73.56,1,2025-07-08 11:21:49
611,611,3,1,1,73,76.27,5491.44,5491.44,0,2025-07-08 11:21:49
612,612,1,3,2,6,57.76,288.8,288.8,1,2025-07-08 11:21:49
613,613,2,2,2,8,81.57,570.99,570.99,1,2025-07-08 11:21:49
614,614,2,2,1,8,59.27,414.89,414.89000000000004,1,2025-07-08 11:21:49
615,615,3,1,1,6,33.53,167.65,167.65,1,2025-07-08 11:21:49
616,616,2,3,2,1,54.48,0.0,0.0,1,2025-07-08 11:21:49
617,617,2,3,2,27,30.57,794.82,794.82,1,2025-07-08 11:21:49
618,618,1,1,1,69,118.05,8027.4,8027.4,1,2025-07-08 11:21:49
619,619,1,1,1,6,116.92,584.6,584.6,1,2025-07-08 11:21:49
620,620,3,2,1,22,65.56,1376.76,1376.76,0,2025-07-08 11:21:49
621,621,1,3,2,28,95.55,2579.85,2579.85,1,2025-07-08 11:21:49
622,622,1,1,2,38,61.12,2261.44,2261.44,1,2025-07-08 11:21:49
623,623,2,2,1,11,90.4,904.0,904.0,1,2025-07-08 11:21:49
624,624,1,1,1,8,102.49,717.43,717.43,1,2025-07-08 11:21:49
625,625,3,2,2,8,115.21,806.4699999999999,806.4699999999999,1,2025-07-08 11:21:49
626,626,2,3,2,25,66.02,1584.48,1584.48,1,2025-07-08 11:21:49
627,627,2,2,1,34,100.5,3316.5,3316.5,1,2025-07-08 11:21:49
628,628,3,1,1,5,53.93,215.72,215.72,1,2025-07-08 11:21:49
629,629,1,2,1,10,119.13,1072.17,1072.17,1,2025-07-08 11:21:49
630,630,1,3,2,47,32.32,1486.72,1486.72,1,2025-07-08 11:21:49
631,631,1,3,2,33,84.32,2698.24,2698.24,1,2025-07-08 11:21:49
632,632,1,1,1,84,89.36,7416.88,7416.88,1,2025-07-08 11:21:49
633,633,2,1,1,29,91.92,2573.76,2573.76,0,2025-07-08 11:21:49
634,634,3,3,2,10,40.83,367.47,367.46999999999997,1,2025-07-08 11:21:49
635,635,1,2,1,18,114.47,1945.99,1945.99,1,2025-07-08 11:21:49
636,636,1,1,1,22,46.31,972.51,972.51,1,2025-07-08 11:21:49
637,637,3,2,1,2,86.05,86.05,86.05,1,2025-07-08 11:21:49
638,638,1,3,2,16,50.04,750.6,750.6,1,2025-07-08 11:21:49
639,639,1,1,2,25,57.65,1383.6,1383.6,1,2025-07-08 11:21:49
640,640,1,3,2,4,79.18,237.54,237.54000000000002,1,2025-07-08 11:21:49
641,641,3,1,1,31,67.55,2026.5,2026.5,0,2025-07-08 11:21:49
642,642,2,2,2,18,44.42,755.14,755.14,1,2025-07-08 11:21:49
643,643,2,2,1,61,45.38,2722.8,2722.8,0,2025-07-08 11:21:49
644,644,3,2,1,1,67.63,0.0,0.0,1,2025-07-08 11:21:49
645,645,1,1,2,7,98.16,588.96,588.96,1,2025-07-08 11:21:49
646,646,1,2,2,19,110.82,1994.76,1994.7599999999998,1,2025-07-08 11:21:49
647,647,3,2,1,8,37.57,262.99,262.99,1,2025-07-08 11:21:49
648,648,1,3,2,26,65.38,1634.5,1634.5,1,2025-07-08 11:21:49
649,649,2,3,2,29,39.02,1092.5600000000002,1092.5600000000002,1,2025-07-08 11:21:49
650,650,3,1,2,3,31.49,62.98,62.98,1,2025-07-08 11:21:49
651,651,2,1,1,15,89.55,1253.7,1253.7,0,2025-07-08 11:21:49
652,652,2,2,1,15,84.22,1179.08,1179.08,0,2025-07-08 11:21:49
653,653,3,1,2,10,44.67,402.03,402.03000000000003,1,2025-07-08 11:21:49
654,654,3,3,2,55,51.04,2756.16,2756.16,1,2025-07-08 11:21:49
655,655,1,2,2,36,32.13,1124.5500000000002,1124.5500000000002,1,2025-07-08 11:21:49
656,656,1,2,1,24,105.15,2418.4500000000003,2418.4500000000003,1,2025-07-08 11:21:49
657,657,1,3,2,26,117.72,2943.0,2943.0,1,2025-07-08 11:21:49
658,658,2,1,1,13,42.19,506.28,506.28,0,2025-07-08 11:21:49
659,659,1,2,2,51,50.83,2541.5,2541.5,1,2025-07-08 11:21:49
660,660,2,1,1,24,108.16,2487.68,2487.68,1,2025-07-08 11:21:49
661,661,1,1,1,27,113.38,2947.88,2947.88,1,2025-07-08 11:21:49
662,662,2,1,1,40,67.77,2643.03,2643.0299999999997,0,2025-07-08 11:21:49
663,663,1,3,2,7,34.56,207.36,207.36,1,2025-07-08 11:21:49
664,664,2,3,2,33,33.55,1073.6,1073.6,1,2025-07-08 11:21:49
665,665,2,1,1,5,81.66,326.64,326.64,1,2025-07-08 11:21:49
666,666,1,3,2,9,65.36,522.88,522.88,1,2025-07-08 11:21:49
667,667,1,1,2,9,32.58,260.64,260.64,1,2025-07-08 11:21:49
668,668,2,3,2,77,82.49,6269.24,6269.24,1,2025-07-08 11:21:49
669,669,1,1,1,39,31.02,1178.76,1178.76,1,2025-07-08 11:21:49
670,670,1,3,2,25,100.86,2420.64,2420.64,1,2025-07-08 11:21:49
671,671,3,3,2,26,57.58,1439.5,1439.5,1,2025-07-08 11:21:49
672,672,2,2,1,17,33.62,537.92,537.92,0,2025-07-08 11:21:49
673,673,3,3,2,59,82.95,4811.1,4811.1,1,2025-07-08 11:21:49
674,674,1,3,2,14,65.79,855.2700000000001,855.2700000000001,1,2025-07-08 11:21:49
675,675,1,3,2,10,117.64,1058.76,1058.76,1,2025-07-08 11:21:49
676,676,3,2,1,4,78.98,236.94,236.94,1,2025-07-08 11:21:49
677,677,2,3,2,31,54.77,1643.1,1643.1000000000001,1,2025-07-08 11:21:49
678,678,2,3,2,27,93.85,2440.1,2440.1,1,2025-07-08 11:21:49
679,679,1,2,1,10,54.43,489.87,489.87,1,2025-07-08 11:21:49
680,680,1,3,2,1,111.38,0.0,0.0,1,2025-07-08 11:21:49
681,681,1,2,2,37,63.72,2293.92,2293.92,1,2025-07-08 11:21:49
682,682,1,2,2,1,79.49,0.0,0.0,1,2025-07-08 11:21:49
683,683,1,1,2,25,34.55,829.1999999999999,829.1999999999999,1,2025-07-08 11:21:49
684,684,1,1,1,71,68.35,4784.5,4784.5,1,2025-07-08 11:21:49
685,685,3,1,1,12,104.91,1154.01,1154.01,1,2025-07-08 11:21:49
686,686,1,2,1,6,102.51,512.5500000000001,512.5500000000001,1,2025-07-08 11:21:49
687,687,2,3,2,25,50.19,1204.56,1204.56,1,2025-07-08 11:21:49
688,688,3,2,2,34,50.35,1661.55,1661.55,1,2025-07-08 11:21:49
689,689,2,2,2,16,103.56,1553.4,1553.4,1,2025-07-08 11:21:49
690,690,1,2,1,69,113.74,7734.32,7734.32,1,2025-07-08 11:21:49
691,691,2,1,1,2,38.58,38.58,38.58,1,2025-07-08 11:21:49
692,692,2,3,2,15,70.51,987.14,987.1400000000001,1,2025-07-08 11:21:49
693,693,2,1,1,26,60.37,1509.25,1509.25,0,2025-07-08 11:21:49
694,694,2,3,2,40,108.36,4226.04,4226.04,1,2025-07-08 11:21:49
695,695,3,2,2,4,37.52,112.56,112.56,1,2025-07-08 11:21:49
696,696,2,1,1,33,49.0,1568.0,1568.0,0,2025-07-08 11:21:49
697,697,1,1,1,17,97.72,1563.52,1563.52,1,2025-07-08 11:21:49
698,698,2,1,1,11,34.62,346.2,346.2,1,2025-07-08 11:21:49
699,699,1,2,2,3,74.33,148.66,148.66,1,2025-07-08 11:21:49
700,700,3,1,1,41,69.79,2791.6000000000004,2791.6000000000004,0,2025-07-08 11:21:49
701,701,1,1,1,4,60.1,180.3,180.3,1,2025-07-08 11:21:49
702,702,1,3,2,8,65.51,458.5700000000001,458.57000000000005,1,2025-07-08 11:21:49
703,703,3,1,1,7,77.69,466.14,466.14,1,2025-07-08 11:21:49
704,704,2,2,1,42,44.52,1825.32,1825.3200000000002,0,2025-07-08 11:21:49
705,705,1,1,1,23,81.48,1792.5600000000002,1792.5600000000002,1,2025-07-08 11:21:49
706,706,1,2,1,32,102.49,3177.19,3177.19,1,2025-07-08 11:21:49
707,707,3,3,2,6,98.41,492.05,492.04999999999995,1,2025-07-08 11:21:49
708,708,1,1,2,20,43.85,833.15,833.15,1,2025-07-08 11:21:49
709,709,3,2,1,17,43.43,694.88,694.88,0,2025-07-08 11:21:49
710,710,1,3,2,36,54.14,1894.9,1894.9,1,2025-07-08 11:21:49
711,711,2,1,1,48,62.5,2937.5,2937.5,0,2025-07-08 11:21:49
712,712,3,2,1,1,66.76,0.0,0.0,1,2025-07-08 11:21:49
713,713,1,1,1,23,91.17,2005.74,2005.74,1,2025-07-08 11:21:49
714,714,1,2,1,2,35.1,35.1,35.1,1,2025-07-08 11:21:49
715,715,1,3,2,16,33.12,496.8,496.79999999999995,1,2025-07-08 11:21:49
716,716,2,3,2,7,65.27,391.62,391.62,1,2025-07-08 11:21:49
717,717,2,3,2,8,92.74,649.18,649.18,1,2025-07-08 11:21:49
718,718,2,1,1,9,47.41,379.28,379.28,1,2025-07-08 11:21:49
719,719,1,1,1,20,87.74,1667.06,1667.06,1,2025-07-08 11:21:49
720,720,1,3,2,9,53.38,427.04,427.04,1,2025-07-08 11:21:49
721,721,1,2,1,27,109.75,2853.5,2853.5,1,2025-07-08 11:21:49
722,722,1,1,1,11,110.61,1106.1,1106.1,1,2025-07-08 11:21:49
723,723,2,1,1,2,56.76,56.76,56.76,1,2025-07-08 11:21:49
724,724,3,2,2,31,50.7,1521.0,1521.0,1,2025-07-08 11:21:49
725,725,2,1,1,7,67.02,402.12,402.12,1,2025-07-08 11:21:49
726,726,1,3,2,12,51.65,568.15,568.15,1,2025-07-08 11:21:49
727,727,3,3,2,24,90.51,2081.73,2081.73,1,2025-07-08 11:21:49
728,728,2,2,2,9,104.35,834.8,834.8,1,2025-07-08 11:21:49
729,729,3,2,1,2,90.58,90.58,90.58,1,2025-07-08 11:21:49
730,730,2,2,1,10,104.19,937.71,937.71,1,2025-07-08 11:21:49
731,731,1,3,2,58,65.73,3746.61,3746.61,1,2025-07-08 11:21:49
732,732,1,2,2,21,44.07,881.4,881.4,1,2025-07-08 11:21:49
733,733,2,3,2,23,96.42,2121.24,2121.2400000000002,1,2025-07-08 11:21:49
734,734,1,2,1,21,62.44,1248.8,1248.8,1,2025-07-08 11:21:49
735,735,1,1,1,5,90.41,361.64,361.64,1,2025-07-08 11:21:49
736,736,2,1,1,11,54.36,543.6,543.6,1,2025-07-08 11:21:49
737,737,2,3,2,28,37.31,1007.37,1007.3700000000001,1,2025-07-08 11:21:49
738,738,2,2,1,3,119.33,238.66,238.66,1,2025-07-08 11:21:49
739,739,1,1,1,7,44.06,264.36,264.36,1,2025-07-08 11:21:49
740,740,1,2,2,7,118.96,713.76,713.76,1,2025-07-08 11:21:49
741,741,2,3,2,12,117.96,1297.56,1297.56,1,2025-07-08 11:21:49
742,742,3,3,2,79,101.44,7912.32,7912.32,1,2025-07-08 11:21:49
743,743,2,2,1,2,89.35,89.35,89.35,1,2025-07-08 11:21:49
744,744,3,3,2,15,82.0,1148.0,1148.0,1,2025-07-08 11:21:49
745,745,2,1,2,4,107.95,323.85,323.85,1,2025-07-08 11:21:49
746,746,2,2,1,71,56.05,3923.5,3923.5,0,2025-07-08 11:21:49
747,747,1,1,1,3,72.09,144.18,144.18,1,2025-07-08 11:21:49
748,748,2,2,1,11,85.75,857.5,857.5,1,2025-07-08 11:21:49
749,749,2,3,2,27,67.01,1742.2600000000002,1742.2600000000002,1,2025-07-08 11:21:49
750,750,2,3,2,25,68.47,1643.28,1643.28,1,2025-07-08 11:21:49
751,751,1,2,2,11,59.73,597.3,597.3,1,2025-07-08 11:21:49
752,752,2,1,1,9,80.78,646.24,646.24,1,2025-07-08 11:21:49
753,753,1,3,2,11,106.55,1065.5,1065.5,1,2025-07-08 11:21:49
754,754,2,3,2,7,48.14,288.84000000000003,288.84000000000003,1,2025-07-08 11:21:49
755,755,1,1,2,5,114.1,456.4,456.4,1,2025-07-08 11:21:49
756,756,3,3,2,14,92.02,1196.26,1196.26,1,2025-07-08 11:21:49
757,757,1,1,2,7,104.09,624.54,624.54,1,2025-07-08 11:21:49
758,758,1,1,1,7,80.06,480.36,480.36,1,2025-07-08 11:21:49
759,759,1,3,2,22,100.16,2103.36,2103.36,1,2025-07-08 11:21:49
760,760,2,1,1,70,31.46,2170.74,2170.7400000000002,0,2025-07-08 11:21:49
761,761,1,1,2,19,103.65,1865.7,1865.7,1,2025-07-08 11:21:49
762,762,1,1,1,2,33.61,33.61,33.61,1,2025-07-08 11:21:49
763,763,2,3,2,2,110.09,110.09,110.09,1,2025-07-08 11:21:49
764,764,1,3,2,61,119.28,7156.8,7156.8,1,2025-07-08 11:21:49
765,765,3,1,2,8,56.47,395.29,395.28999999999996,1,2025-07-08 11:21:49
766,766,3,1,1,2,48.93,48.93,48.93,1,2025-07-08 11:21:49
767,767,2,1,1,19,98.88,1779.84,1779.84,0,2025-07-08 11:21:49
768,768,1,1,2,20,52.77,1002.63,1002.6300000000001,1,2025-07-08 11:21:49
769,769,2,2,1,21,107.9,2158.0,2158.0,1,2025-07-08 11:21:49
770,770,1,3,2,7,39.26,235.56,235.56,1,2025-07-08 11:21:49
771,771,1,1,1,1,41.34,0.0,0.0,1,2025-07-08 11:21:49
772,772,1,1,1,68,118.12,7914.04,7914.04,1,2025-07-08 11:21:49
773,773,3,2,1,6,90.65,453.25,453.25,1,2025-07-08 11:21:49
774,774,1,2,1,23,106.22,2336.84,2336.84,1,2025-07-08 11:21:49
775,775,2,3,2,25,59.19,1420.56,1420.56,1,2025-07-08 11:21:49
776,776,2,1,1,19,90.88,1635.84,1635.84,0,2025-07-08 11:21:49
777,777,1,2,1,8,83.48,584.36,584.36,1,2025-07-08 11:21:49
778,778,1,1,1,7,84.28,505.68,505.68,1,2025-07-08 11:21:49
779,779,3,1,1,19,91.43,1645.7400000000002,1645.7400000000002,0,2025-07-08 11:21:49
780,780,2,2,1,41,81.78,3271.2,3271.2,0,2025-07-08 11:21:49
781,781,2,1,1,59,68.62,3979.96,3979.96,0,2025-07-08 11:21:49
782,782,1,1,1,3,54.83,109.66,109.66,1,2025-07-08 11:21:49
783,783,1,1,1,4,99.17,297.51,297.51,1,2025-07-08 11:21:49
784,784,1,1,2,58,50.36,2870.52,2870.52,1,2025-07-08 11:21:49
785,785,1,1,1,27,92.31,2400.06,2400.06,1,2025-07-08 11:21:49
786,786,1,3,2,43,51.0,2142.0,2142.0,1,2025-07-08 11:21:49
787,787,3,1,1,5,86.28,345.12,345.12,1,2025-07-08 11:21:49
788,788,1,2,1,18,97.24,1653.08,1653.08,1,2025-07-08 11:21:49
789,789,1,2,1,25,49.68,1192.32,1192.32,1,2025-07-08 11:21:49
790,790,2,1,1,23,35.39,778.58,778.58,0,2025-07-08 11:21:49
791,791,2,3,2,11,41.79,417.9,417.9,1,2025-07-08 11:21:49
792,792,1,2,1,1,84.54,0.0,0.0,1,2025-07-08 11:21:49
793,793,2,3,2,18,106.45,1809.65,1809.65,1,2025-07-08 11:21:49
794,794,1,2,1,6,34.05,170.25,170.25,1,2025-07-08 11:21:49
795,795,1,1,1,12,96.07,1056.77,1056.77,1,2025-07-08 11:21:49
796,796,1,3,2,64,60.72,3825.36,3825.36,1,2025-07-08 11:21:49
797,797,3,1,1,11,73.07,730.6999999999999,730.6999999999999,1,2025-07-08 11:21:49
798,798,1,1,1,37,113.6,4089.6,4089.6,1,2025-07-08 11:21:49
799,799,1,2,1,5,59.88,239.52,239.52,1,2025-07-08 11:21:49
800,800,1,3,2,23,71.88,1581.36,1581.36,1,2025-07-08 11:21:49
801,801,3,2,2,76,31.23,2342.25,2342.25,1,2025-07-08 11:21:49
802,802,1,3,2,3,37.34,74.68,74.68,1,2025-07-08 11:21:49
803,803,1,2,1,1,53.27,0.0,0.0,1,2025-07-08 11:21:49
804,804,1,3,2,12,32.51,357.61,357.60999999999996,1,2025-07-08 11:21:49
805,805,1,1,1,2,86.82,86.82,86.82,1,2025-07-08 11:21:49
806,806,2,3,2,28,68.38,1846.26,1846.2599999999998,1,2025-07-08 11:21:49
807,807,2,1,2,50,79.33,3887.17,3887.17,1,2025-07-08 11:21:49
808,808,1,3,2,12,45.72,502.92,502.91999999999996,1,2025-07-08 11:21:49
809,809,1,2,1,6,56.63,283.15000000000003,283.15000000000003,1,2025-07-08 11:21:49
810,810,1,2,1,12,89.74,987.14,987.14,1,2025-07-08 11:21:49
811,811,1,1,1,26,116.88,2922.0,2922.0,1,2025-07-08 11:21:49
812,812,1,2,1,1,34.54,0.0,0.0,1,2025-07-08 11:21:49
813,813,2,2,2,18,110.13,1872.21,1872.21,1,2025-07-08 11:21:49
814,814,3,3,2,20,81.92,1556.48,1556.48,1,2025-07-08 11:21:49
815,815,3,3,2,21,80.75,1615.0,1615.0,1,2025-07-08 11:21:49
816,816,3,1,2,6,75.03,375.15,375.15,1,2025-07-08 11:21:49
817,817,2,3,2,26,36.25,906.25,906.25,1,2025-07-08 11:21:49
818,818,2,1,1,2,38.09,38.09,38.09,1,2025-07-08 11:21:49
819,819,1,2,1,5,84.08,336.32,336.32,1,2025-07-08 11:21:49
820,820,2,3,2,42,60.69,2488.29,2488.29,1,2025-07-08 11:21:49
821,821,1,1,2,27,112.55,2926.3,2926.2999999999997,1,2025-07-08 11:21:49
822,822,1,3,2,1,66.59,0.0,0.0,1,2025-07-08 11:21:49
823,823,2,2,1,6,42.9,214.5,214.5,1,2025-07-08 11:21:49
824,824,1,1,1,5,94.32,377.28,377.28,1,2025-07-08 11:21:49
825,825,1,2,2,7,56.4,338.4,338.4,1,2025-07-08 11:21:49
826,826,3,2,1,6,77.29,386.4500000000001,386.45000000000005,1,2025-07-08 11:21:49
827,827,1,2,1,2,92.8,92.8,92.8,1,2025-07-08 11:21:49
828,828,1,3,2,13,111.02,1332.24,1332.24,1,2025-07-08 11:21:49
829,829,3,3,2,27,101.3,2633.8,2633.7999999999997,1,2025-07-08 11:21:49
830,830,2,3,2,19,90.87,1635.66,1635.66,1,2025-07-08 11:21:49
831,831,2,1,1,23,91.17,2005.74,2005.74,0,2025-07-08 11:21:49
832,832,1,1,1,2,115.13,115.13,115.13,1,2025-07-08 11:21:49
833,833,1,2,1,61,56.62,3397.2,3397.2,1,2025-07-08 11:21:49
834,834,3,2,2,37,30.1,1083.6,1083.6000000000001,1,2025-07-08 11:21:49
835,835,2,1,1,33,54.48,1743.36,1743.36,0,2025-07-08 11:21:49
836,836,2,3,2,35,49.61,1686.74,1686.74,1,2025-07-08 11:21:49
837,837,1,1,1,54,89.57,4747.21,4747.21,1,2025-07-08 11:21:49
838,838,1,2,1,16,87.03,1305.45,1305.45,1,2025-07-08 11:21:49
839,839,3,2,1,5,83.41,333.64,333.64,1,2025-07-08 11:21:49
840,840,1,2,2,20,31.46,597.74,597.74,1,2025-07-08 11:21:49
841,841,2,1,2,28,95.59,2580.9300000000003,2580.9300000000003,1,2025-07-08 11:21:49
842,842,1,3,2,27,59.12,1537.12,1537.12,1,2025-07-08 11:21:49
843,843,2,1,1,15,89.86,1258.04,1258.04,0,2025-07-08 11:21:49
844,844,3,3,2,2,80.09,80.09,80.09,1,2025-07-08 11:21:49
845,845,2,1,2,10,60.85,547.65,547.65,1,2025-07-08 11:21:49
846,846,1,1,1,51,42.11,2105.5,2105.5,1,2025-07-08 11:21:49
847,847,2,2,2,18,38.5,654.5,654.5,1,2025-07-08 11:21:49
848,848,2,3,2,16,104.84,1572.6,1572.6000000000001,1,2025-07-08 11:21:49
849,849,1,3,2,7,112.66,675.96,675.96,1,2025-07-08 11:21:49
850,850,3,2,2,10,88.48,796.32,796.32,1,2025-07-08 11:21:49
851,851,2,1,2,46,39.31,1768.95,1768.95,1,2025-07-08 11:21:49
852,852,3,1,1,22,66.18,1389.7800000000002,1389.7800000000002,0,2025-07-08 11:21:49
853,853,2,1,1,31,95.6,2868.0,2868.0,0,2025-07-08 11:21:49
854,854,1,3,2,13,100.18,1202.16,1202.16,1,2025-07-08 11:21:49
855,855,1,1,2,20,40.64,772.16,772.16,1,2025-07-08 11:21:49
856,856,1,1,1,6,30.0,150.0,150.0,1,2025-07-08 11:21:49
857,857,3,2,2,25,94.09,2258.16,2258.16,1,2025-07-08 11:21:49
858,858,2,2,2,12,62.09,682.99,682.99,1,2025-07-08 11:21:49
859,859,2,2,1,12,52.9,581.9,581.9,1,2025-07-08 11:21:49
860,860,1,2,2,21,31.16,623.2,623.2,1,2025-07-08 11:21:49
861,861,1,3,2,56,78.63,4324.65,4324.65,1,2025-07-08 11:21:49
862,862,2,3,2,2,106.6,106.6,106.6,1,2025-07-08 11:21:49
863,863,1,2,1,35,116.19,3950.46,3950.46,1,2025-07-08 11:21:49
864,864,1,3,2,7,80.92,485.52,485.52,1,2025-07-08 11:21:49
865,865,2,2,2,12,76.3,839.3,839.3,1,2025-07-08 11:21:49
866,866,1,1,1,1,37.66,0.0,0.0,1,2025-07-08 11:21:49
867,867,1,2,1,8,79.4,555.8000000000001,555.8000000000001,1,2025-07-08 11:21:49
868,868,1,1,1,14,64.2,834.6,834.6,1,2025-07-08 11:21:49
869,869,1,2,2,2,84.64,84.64,84.64,1,2025-07-08 11:21:49
870,870,3,1,1,14,64.99,844.8699999999999,844.8699999999999,0,2025-07-08 11:21:49
871,871,1,1,2,53,51.63,2684.76,2684.76,1,2025-07-08 11:21:49
872,872,1,3,2,3,38.55,77.1,77.1,1,2025-07-08 11:21:49
873,873,1,2,1,29,58.34,1633.52,1633.52,1,2025-07-08 11:21:49
874,874,2,2,1,11,38.7,387.0,387.0,1,2025-07-08 11:21:49
875,875,1,2,1,22,45.92,964.32,964.32,1,2025-07-08 11:21:49
876,876,2,1,2,7,118.86,713.16,713.16,1,2025-07-08 11:21:49
877,877,1,2,1,4,69.97,209.91,209.91,1,2025-07-08 11:21:49
878,878,1,3,2,4,77.87,233.61,233.61,1,2025-07-08 11:21:49
879,879,1,1,1,2,108.63,108.63,108.63,1,2025-07-08 11:21:49
880,880,3,1,1,5,119.6,478.4,478.4,1,2025-07-08 11:21:49
881,881,3,1,2,22,82.44,1731.24,1731.24,1,2025-07-08 11:21:49
882,882,1,2,2,43,103.12,4331.04,4331.04,1,2025-07-08 11:21:49
883,883,2,2,1,34,59.42,1960.86,1960.8600000000001,0,2025-07-08 11:21:49
884,884,3,1,1,24,57.52,1322.96,1322.96,0,2025-07-08 11:21:49
885,885,1,1,1,3,66.24,132.48,132.48,1,2025-07-08 11:21:49
886,886,3,2,1,7,90.53,543.1800000000001,543.1800000000001,1,2025-07-08 11:21:49
887,887,1,2,2,8,91.4,639.8000000000001,639.8000000000001,1,2025-07-08 11:21:49
888,888,3,3,2,6,58.37,291.85,291.84999999999997,1,2025-07-08 11:21:49
889,889,2,2,1,15,41.99,587.86,587.86,0,2025-07-08 11:21:49
890,890,3,3,2,16,86.92,1303.8,1303.8,1,2025-07-08 11:21:49
891,891,2,3,2,9,41.55,332.4,332.4,1,2025-07-08 11:21:49
892,892,1,2,1,9,82.06,656.48,656.48,1,2025-07-08 11:21:49
893,893,3,2,1,36,92.41,3234.35,3234.35,0,2025-07-08 11:21:49
894,894,1,2,1,32,93.06,2884.86,2884.86,1,2025-07-08 11:21:49
895,895,1,1,1,8,97.81,684.6700000000001,684.6700000000001,1,2025-07-08 11:21:49
896,896,2,1,1,50,108.56,5319.4400000000005,5319.4400000000005,1,2025-07-08 11:21:49
897,897,2,3,2,62,75.0,4575.0,4575.0,1,2025-07-08 11:21:49
898,898,3,3,2,8,95.72,670.04,670.04,1,2025-07-08 11:21:49
899,899,1,1,2,9,85.73,685.84,685.84,1,2025-07-08 11:21:49
900,900,2,2,1,15,46.8,655.1999999999999,655.1999999999999,0,2025-07-08 11:21:49
901,901,2,2,1,57,32.31,1809.36,1809.3600000000001,0,2025-07-08 11:21:49
902,902,1,3,2,42,55.61,2280.01,2280.0099999999998,1,2025-07-08 11:21:49
903,903,1,2,2,3,69.87,139.74,139.74,1,2025-07-08 11:21:49
904,904,1,2,2,10,85.54,769.86,769.86,1,2025-07-08 11:21:49
905,905,1,3,2,17,106.5,1704.0,1704.0,1,2025-07-08 11:21:49
906,906,3,1,1,14,47.66,619.5799999999999,619.5799999999999,0,2025-07-08 11:21:49
907,907,2,3,2,5,41.3,165.2,165.2,1,2025-07-08 11:21:49
908,908,2,1,1,40,116.71,4551.69,4551.69,1,2025-07-08 11:21:49
909,909,3,2,2,23,39.72,873.8399999999999,873.8399999999999,1,2025-07-08 11:21:49
910,910,1,3,2,37,73.06,2630.16,2630.16,1,2025-07-08 11:21:49
911,911,3,2,1,40,82.7,3225.3,3225.3,0,2025-07-08 11:21:49
912,912,1,1,1,28,78.72,2125.44,2125.44,1,2025-07-08 11:21:49
913,913,3,1,1,12,37.74,415.14,415.14000000000004,1,2025-07-08 11:21:49
914,914,1,2,2,19,35.13,632.34,632.34,1,2025-07-08 11:21:49
915,915,3,1,1,4,39.49,118.47,118.47,1,2025-07-08 11:21:49
916,916,1,2,1,23,82.7,1819.4,1819.4,1,2025-07-08 11:21:49
917,917,1,1,1,4,78.99,236.97,236.96999999999997,1,2025-07-08 11:21:49
918,918,2,1,1,24,51.04,1173.92,1173.92,0,2025-07-08 11:21:49
919,919,1,3,2,6,87.4,437.0,437.0,1,2025-07-08 11:21:49
920,920,2,3,2,3,103.81,207.62,207.62,1,2025-07-08 11:21:49
921,921,1,2,1,4,33.74,101.22,101.22,1,2025-07-08 11:21:49
922,922,2,1,2,1,74.83,0.0,0.0,1,2025-07-08 11:21:49
923,923,1,1,2,26,92.04,2301.0,2301.0,1,2025-07-08 11:21:49
924,924,1,2,2,27,52.71,1370.46,1370.46,1,2025-07-08 11:21:49
925,925,1,3,2,15,57.7,807.8000000000001,807.8000000000001,1,2025-07-08 11:21:49
926,926,1,3,2,4,85.23,255.69,255.69,1,2025-07-08 11:21:49
927,927,1,2,1,2,110.81,110.81,110.81,1,2025-07-08 11:21:49
928,928,1,1,1,1,102.89,0.0,0.0,1,2025-07-08 11:21:49
929,929,1,2,2,4,82.48,247.44,247.44,1,2025-07-08 11:21:49
930,930,1,1,2,45,95.72,4211.68,4211.68,1,2025-07-08 11:21:49
931,931,2,2,2,6,62.83,314.15,314.15,1,2025-07-08 11:21:49
932,932,3,3,2,9,87.69,701.52,701.52,1,2025-07-08 11:21:49
933,933,1,3,2,3,71.96,143.92,143.92,1,2025-07-08 11:21:49
934,934,2,1,1,6,47.09,235.45,235.45000000000002,1,2025-07-08 11:21:49
935,935,2,1,1,15,93.16,1304.24,1304.24,0,2025-07-08 11:21:49
936,936,1,3,2,19,80.08,1441.44,1441.44,1,2025-07-08 11:21:49
937,937,2,1,1,6,62.28,311.4,311.4,1,2025-07-08 11:21:49
938,938,1,2,1,2,112.02,112.02,112.02,1,2025-07-08 11:21:49
939,939,2,1,1,10,31.88,286.92,286.92,1,2025-07-08 11:21:49
940,940,1,3,2,6,58.42,292.1,292.1,1,2025-07-08 11:21:49
941,941,2,1,1,5,35.12,140.48,140.48,1,2025-07-08 11:21:49
942,942,2,1,2,65,98.99,6335.36,6335.36,1,2025-07-08 11:21:49
943,943,1,3,2,20,93.19,1770.61,1770.61,1,2025-07-08 11:21:49
944,944,1,3,2,17,59.82,957.12,957.12,1,2025-07-08 11:21:49
945,945,3,3,2,11,90.81,908.1,908.1,1,2025-07-08 11:21:49
946,946,1,2,2,12,65.63,721.93,721.93,1,2025-07-08 11:21:49
947,947,2,1,1,16,98.06,1470.9,1470.9,0,2025-07-08 11:21:49
948,948,3,3,2,24,70.88,1630.2399999999998,1630.2399999999998,1,2025-07-08 11:21:49
949,949,2,3,2,25,67.11,1610.64,1610.6399999999999,1,2025-07-08 11:21:49
950,950,2,1,1,4,114.13,342.39,342.39,1,2025-07-08 11:21:49
951,951,2,2,1,14,52.58,683.54,683.54,0,2025-07-08 11:21:49
952,952,3,3,2,11,40.84,408.4,408.40000000000003,1,2025-07-08 11:21:49
953,953,1,3,2,41,82.61,3304.4,3304.4,1,2025-07-08 11:21:49
954,954,1,2,2,20,117.24,2227.56,2227.56,1,2025-07-08 11:21:49
955,955,1,1,2,16,64.01,960.15,960.1500000000001,1,2025-07-08 11:21:49
956,956,3,2,2,3,35.58,71.16,71.16,1,2025-07-08 11:21:49
957,957,2,1,1,19,60.54,1089.72,1089.72,0,2025-07-08 11:21:49
958,958,1,2,2,3,75.53,151.06,151.06,1,2025-07-08 11:21:49
959,959,3,1,1,9,44.57,356.56,356.56,1,2025-07-08 11:21:49
960,960,1,1,1,4,89.23,267.69,267.69,1,2025-07-08 11:21:49
961,961,1,1,1,24,119.8,2755.4,2755.4,1,2025-07-08 11:21:49
962,962,2,1,1,5,70.66,282.64,282.64,1,2025-07-08 11:21:49
963,963,1,3,2,10,61.93,557.37,557.37,1,2025-07-08 11:21:49
964,964,3,2,1,46,66.06,2972.7000000000003,2972.7000000000003,0,2025-07-08 11:21:49
965,965,1,2,1,5,40.36,161.44,161.44,1,2025-07-08 11:21:49
966,966,3,3,2,15,109.49,1532.86,1532.86,1,2025-07-08 11:21:49
967,967,2,2,1,11,67.33,673.3,673.3,1,2025-07-08 11:21:49
968,968,1,3,2,1,64.85,0.0,0.0,1,2025-07-08 11:21:49
969,969,3,3,2,32,89.37,2770.4700000000003,2770.4700000000003,1,2025-07-08 11:21:49
970,970,2,1,1,2,69.78,69.78,69.78,1,2025-07-08 11:21:49
971,971,1,3,2,13,88.34,1060.08,1060.08,1,2025-07-08 11:21:49
972,972,1,2,1,17,35.53,568.48,568.48,1,2025-07-08 11:21:49
973,973,3,1,1,20,103.24,1961.56,1961.56,1,2025-07-08 11:21:49
974,974,1,1,1,24,114.65,2636.9500000000003,2636.9500000000003,1,2025-07-08 11:21:49
975,975,1,1,1,6,88.39,441.95,441.95,1,2025-07-08 11:21:49
976,976,1,3,2,1,115.91,0.0,0.0,1,2025-07-08 11:21:49
977,977,1,2,1,26,43.63,1090.75,1090.75,1,2025-07-08 11:21:49
978,978,2,1,1,16,72.97,1094.55,1094.55,0,2025-07-08 11:21:49
979,979,1,1,1,37,84.16,3029.76,3029.7599999999998,1,2025-07-08 11:21:49
980,980,1,1,2,35,82.36,2800.24,2800.24,1,2025-07-08 11:21:49
981,981,1,2,1,38,66.13,2446.81,2446.81,1,2025-07-08 11:21:49
982,982,1,1,1,14,60.43,785.59,785.59,1,2025-07-08 11:21:49
983,983,3,3,2,9,41.41,331.28,331.28,1,2025-07-08 11:21:49
984,984,1,2,1,32,65.26,2023.06,2023.0600000000002,1,2025-07-08 11:21:49
985,985,3,3,2,13,44.64,535.6800000000001,535.6800000000001,1,2025-07-08 11:21:49
986,986,1,1,1,5,96.09,384.36,384.36,1,2025-07-08 11:21:49
987,987,1,3,2,39,48.79,1854.02,1854.02,1,2025-07-08 11:21:49
988,988,3,3,2,43,35.27,1481.34,1481.3400000000001,1,2025-07-08 11:21:49
989,989,1,2,1,13,79.71,956.52,956.52,1,2025-07-08 11:21:49
990,990,2,1,1,2,83.57,83.57,83.57,1,2025-07-08 11:21:49
991,991,3,3,2,10,108.47,976.23,976.23,1,2025-07-08 11:21:49
992,992,1,1,1,33,81.93,2621.76,2621.76,1,2025-07-08 11:21:49
993,993,1,3,2,47,61.09,2810.1400000000003,2810.1400000000003,1,2025-07-08 11:21:49
994,994,2,1,2,5,102.27,409.08,409.08,1,2025-07-08 11:21:49
995,995,1,2,2,2,78.63,78.63,78.63,1,2025-07-08 11:21:49
996,996,1,1,1,42,37.14,1522.74,1522.74,1,2025-07-08 11:21:49
997,997,1,3,2,10,80.93,728.3700000000001,728.3700000000001,1,2025-07-08 11:21:49
998,998,1,1,1,16,111.72,1675.8,1675.8,1,2025-07-08 11:21:49
999,999,2,3,2,69,65.67,4465.56,4465.56,1,2025-07-08 11:21:49
1000,1000,1,3,2,2,56.67,56.67,56.67,1,2025-07-08 11:21:49
